{
	"credit": "Made with Blockbench",
	"texture_size": [30, 30],
	"textures": {
		"0": "item/black_wool",
		"1": "item/polished_blackstone",
		"2": "item/respawn_anchor_side0",
		"3": "item/respawn_anchor_top_off",
		"5": "item/scheinwerferlogo",
		"6": "item/scheinwerfer",
		"particle": "item/scheinwerferlogo"
	},
	"elements": [
		{
			"from": [-5.76, 0, -5.76],
			"to": [1.12, 6.88, 1.12],
			"shade": false,
			"rotation": {"angle": 0, "axis": "y", "origin": [-5.76, 0, -5.76]},
			"faces": {
				"north": {"uv": [0, 0, 16, 16], "texture": "#0"},
				"east": {"uv": [0, 0, 16, 16], "texture": "#0"},
				"south": {"uv": [0, 0, 16, 16], "texture": "#0"},
				"west": {"uv": [0, 0, 16, 16], "texture": "#0"},
				"down": {"uv": [0, 0, 16.36355, 16.36355], "texture": "#0"}
			}
		},
		{
			"from": [-5.76, 6.88, -5.76],
			"to": [1.12, 13.76, 1.12],
			"shade": false,
			"rotation": {"angle": 0, "axis": "y", "origin": [-5.76, 0, -5.76]},
			"faces": {
				"north": {"uv": [0, 0, 16, 16], "texture": "#1"},
				"east": {"uv": [0, 0, 16, 16], "texture": "#1"},
				"south": {"uv": [0, 0, 16, 16], "texture": "#1"},
				"west": {"uv": [0, 0, 16, 16], "texture": "#1"}
			}
		},
		{
			"from": [-5.76, 13.76, -5.76],
			"to": [1.12, 20.64, 1.12],
			"shade": false,
			"rotation": {"angle": 0, "axis": "y", "origin": [-5.76, 0, -5.76]},
			"faces": {
				"north": {"uv": [0, 0, 16, 16], "texture": "#2"},
				"east": {"uv": [0, 0, 16, 16], "texture": "#2"},
				"south": {"uv": [0, 0, 16, 16], "texture": "#2"},
				"west": {"uv": [0, 0, 16, 16], "texture": "#2"},
				"up": {"uv": [0, 0, 16, 16], "texture": "#3"}
			}
		},
		{
			"from": [-5.33, 20.64, -5.33],
			"to": [0.69, 21.93, -4.47],
			"rotation": {"angle": 0, "axis": "y", "origin": [-5.76, 0, -5.76]},
			"faces": {
				"north": {"uv": [4.26667, 1.06667, 7.47865, 1.75381], "texture": "#6"},
				"east": {"uv": [9.6, 2.13333, 10.06342, 2.82047], "texture": "#6"},
				"south": {"uv": [4.26667, 2.13333, 7.47865, 2.82047], "texture": "#6"},
				"west": {"uv": [2.66667, 9.6, 3.13009, 10.28714], "texture": "#6"},
				"up": {"uv": [3.21199, 6.86342, 0, 6.4], "texture": "#6"},
				"down": {"uv": [6.94532, 6.4, 3.73333, 6.86342], "texture": "#6"}
			}
		},
		{
			"from": [-5.33, 20.64, -0.17],
			"to": [0.69, 21.93, 0.69],
			"rotation": {"angle": 0, "axis": "y", "origin": [-5.76, 0, -5.76]},
			"faces": {
				"north": {"uv": [0, 4.26667, 3.21199, 4.95381], "texture": "#6"},
				"east": {"uv": [1.06667, 9.6, 1.53009, 10.28714], "texture": "#6"},
				"south": {"uv": [4.26667, 0, 7.47865, 0.68714], "texture": "#6"},
				"west": {"uv": [9.6, 1.06667, 10.06342, 1.75381], "texture": "#6"},
				"up": {"uv": [8.54532, 5.79675, 5.33333, 5.33333], "texture": "#6"},
				"down": {"uv": [8.54532, 5.86667, 5.33333, 6.33009], "texture": "#6"}
			}
		},
		{
			"from": [-0.17, 20.64, -4.47],
			"to": [0.69, 21.93, -0.17],
			"rotation": {"angle": 0, "axis": "y", "origin": [-5.76, 0, -5.76]},
			"faces": {
				"north": {"uv": [9.6, 0, 10.06342, 0.68714], "texture": "#6"},
				"east": {"uv": [4.26667, 3.2, 6.56779, 3.88714], "texture": "#6"},
				"south": {"uv": [0.53333, 9.6, 0.99675, 10.28714], "texture": "#6"},
				"west": {"uv": [3.73333, 4.26667, 6.03446, 4.95381], "texture": "#6"},
				"up": {"uv": [0.46342, 9.23446, 0, 6.93333], "texture": "#6"},
				"down": {"uv": [0.99675, 6.93333, 0.53333, 9.23446], "texture": "#6"}
			}
		},
		{
			"from": [-5.33, 20.64, -4.47],
			"to": [-4.47, 21.93, -0.17],
			"rotation": {"angle": 0, "axis": "y", "origin": [-5.76, 0, -5.76]},
			"faces": {
				"north": {"uv": [1.6, 9.6, 2.06342, 10.28714], "texture": "#6"},
				"east": {"uv": [0, 5.33333, 2.30112, 6.02047], "texture": "#6"},
				"south": {"uv": [2.13333, 9.6, 2.59675, 10.28714], "texture": "#6"},
				"west": {"uv": [2.66667, 5.33333, 4.96779, 6.02047], "texture": "#6"},
				"up": {"uv": [1.53009, 9.23446, 1.06667, 6.93333], "texture": "#6"},
				"down": {"uv": [2.06342, 6.93333, 1.6, 9.23446], "texture": "#6"}
			}
		},
		{
			"from": [-4.04, 1.72, -6.62],
			"to": [-0.6, 5.16, -5.76],
			"rotation": {"angle": 0, "axis": "y", "origin": [-5.76, 0, -5.76]},
			"faces": {
				"north": {"uv": [2.13333, 0, 3.97104, 1.8377], "texture": "#6"},
				"east": {"uv": [3.2, 6.93333, 3.66342, 8.77104], "texture": "#6"},
				"south": {"uv": [2.13333, 2.13333, 3.97104, 3.97104], "texture": "#6"},
				"west": {"uv": [3.73333, 6.93333, 4.19675, 8.77104], "texture": "#6"},
				"up": {"uv": [8.77104, 3.66342, 6.93333, 3.2], "texture": "#6"},
				"down": {"uv": [8.77104, 3.73333, 6.93333, 4.19675], "texture": "#6"}
			}
		},
		{
			"from": [-4.04, 1.72, 1.12],
			"to": [-0.6, 5.16, 1.98],
			"rotation": {"angle": 0, "axis": "y", "origin": [-5.76, 0, -5.76]},
			"faces": {
				"north": {"uv": [0, 0, 1.8377, 1.8377], "texture": "#6"},
				"east": {"uv": [2.13333, 6.93333, 2.59675, 8.77104], "texture": "#6"},
				"south": {"uv": [0, 2.13333, 1.8377, 3.97104], "texture": "#6"},
				"west": {"uv": [2.66667, 6.93333, 3.13009, 8.77104], "texture": "#6"},
				"up": {"uv": [8.2377, 4.73009, 6.4, 4.26667], "texture": "#6"},
				"down": {"uv": [8.2377, 4.8, 6.4, 5.26342], "texture": "#6"}
			}
		},
		{
			"from": [-6.19, 7.31, -4.9],
			"to": [-5.76, 7.74, 0.26],
			"rotation": {"angle": 0, "axis": "y", "origin": [-5.76, 0, -5.76]},
			"faces": {
				"north": {"uv": [3.2, 9.6, 3.42372, 9.82372], "texture": "#6"},
				"east": {"uv": [4.26667, 6.93333, 7.01523, 7.15705], "texture": "#6"},
				"south": {"uv": [3.73333, 9.6, 3.95705, 9.82372], "texture": "#6"},
				"west": {"uv": [4.26667, 7.46667, 7.01523, 7.69039], "texture": "#6"},
				"up": {"uv": [7.69039, 9.14856, 7.46667, 6.4], "texture": "#6"},
				"down": {"uv": [8.22372, 0, 8, 2.74856], "texture": "#6"}
			}
		},
		{
			"from": [-6.19, 8.17, -4.9],
			"to": [-5.76, 8.6, 0.26],
			"rotation": {"angle": 0, "axis": "y", "origin": [-5.76, 0, -5.76]},
			"faces": {
				"north": {"uv": [4.26667, 9.6, 4.49039, 9.82372], "texture": "#6"},
				"east": {"uv": [4.26667, 8, 7.01523, 8.22372], "texture": "#6"},
				"south": {"uv": [4.8, 9.6, 5.02372, 9.82372], "texture": "#6"},
				"west": {"uv": [8, 6.4, 10.74856, 6.62372], "texture": "#6"},
				"up": {"uv": [8.22372, 9.6819, 8, 6.93333], "texture": "#6"},
				"down": {"uv": [8.75705, 0, 8.53333, 2.74856], "texture": "#6"}
			}
		},
		{
			"from": [-6.19, 9.89, -4.9],
			"to": [-5.76, 10.32, 0.26],
			"rotation": {"angle": 0, "axis": "y", "origin": [-5.76, 0, -5.76]},
			"faces": {
				"north": {"uv": [9.6, 7.46667, 9.82372, 7.69039], "texture": "#6"},
				"east": {"uv": [8.53333, 4.8, 11.2819, 5.02372], "texture": "#6"},
				"south": {"uv": [9.6, 8, 9.82372, 8.22372], "texture": "#6"},
				"west": {"uv": [2.13333, 9.06667, 4.8819, 9.29039], "texture": "#6"},
				"up": {"uv": [5.55705, 11.81523, 5.33333, 9.06667], "texture": "#6"},
				"down": {"uv": [6.09039, 9.06667, 5.86667, 11.81523], "texture": "#6"}
			}
		},
		{
			"from": [-6.19, 9.03, -4.9],
			"to": [-5.76, 9.46, 0.26],
			"rotation": {"angle": 0, "axis": "y", "origin": [-5.76, 0, -5.76]},
			"faces": {
				"north": {"uv": [9.6, 6.93333, 9.82372, 7.15705], "texture": "#6"},
				"east": {"uv": [4.26667, 8.53333, 7.01523, 8.75705], "texture": "#6"},
				"south": {"uv": [7.46667, 9.6, 7.69039, 9.82372], "texture": "#6"},
				"west": {"uv": [8.53333, 4.26667, 11.2819, 4.49039], "texture": "#6"},
				"up": {"uv": [8.75705, 9.6819, 8.53333, 6.93333], "texture": "#6"},
				"down": {"uv": [9.29039, 0, 9.06667, 2.74856], "texture": "#6"}
			}
		},
		{
			"from": [-6.19, 11.61, -4.9],
			"to": [-5.76, 12.04, 0.26],
			"rotation": {"angle": 0, "axis": "y", "origin": [-5.76, 0, -5.76]},
			"faces": {
				"north": {"uv": [9.6, 9.6, 9.82372, 9.82372], "texture": "#6"},
				"east": {"uv": [9.06667, 5.33333, 11.81523, 5.55705], "texture": "#6"},
				"south": {"uv": [10.13333, 0, 10.35705, 0.22372], "texture": "#6"},
				"west": {"uv": [9.06667, 5.86667, 11.81523, 6.09039], "texture": "#6"},
				"up": {"uv": [9.29039, 9.6819, 9.06667, 6.93333], "texture": "#6"},
				"down": {"uv": [0.22372, 9.6, 0, 12.34856], "texture": "#6"}
			}
		},
		{
			"from": [-6.19, 10.75, -4.9],
			"to": [-5.76, 11.18, 0.26],
			"rotation": {"angle": 0, "axis": "y", "origin": [-5.76, 0, -5.76]},
			"faces": {
				"north": {"uv": [9.6, 8.53333, 9.82372, 8.75705], "texture": "#6"},
				"east": {"uv": [9.06667, 3.2, 11.81523, 3.42372], "texture": "#6"},
				"south": {"uv": [9.6, 9.06667, 9.82372, 9.29039], "texture": "#6"},
				"west": {"uv": [9.06667, 3.73333, 11.81523, 3.95705], "texture": "#6"},
				"up": {"uv": [6.62372, 11.81523, 6.4, 9.06667], "texture": "#6"},
				"down": {"uv": [7.15705, 9.06667, 6.93333, 11.81523], "texture": "#6"}
			}
		},
		{
			"from": [1.12, 0, -5.76],
			"to": [1.12, 6.88, 1.12],
			"rotation": {"angle": 0, "axis": "y", "origin": [-5.76, 0, -5.76]},
			"faces": {
				"north": {"uv": [0, 0, 0, 2.13333], "texture": "#missing"},
				"east": {"uv": [0, 0, 16, 16], "texture": "#5"},
				"south": {"uv": [0, 0, 0, 2.13333], "texture": "#missing"},
				"west": {"uv": [2, 2.26667, 2.82547, 3.45468], "texture": "#5"},
				"up": {"uv": [0, 0, 0, 2.13333], "texture": "#missing"},
				"down": {"uv": [0, 0, 0, 2.13333], "texture": "#missing"}
			}
		}
	],
	"display": {
		"thirdperson_righthand": {
			"translation": [4, 0, 9.25]
		},
		"head": {
			"rotation": [0, -90, 90],
			"translation": [-20.75, 16, -8.5],
			"scale": [2.01, 2.01, 2.01]
		}
	},
	"groups": [
		{
			"name": "structure",
			"origin": [8, 8, 8],
			"color": 0,
			"children": [0, 1, 2]
		},
		3,
		4,
		5,
		6,
		7,
		8,
		9,
		10,
		11,
		12,
		13,
		14,
		15
	]
}