{
	"credit": "Made with Blockbench",
	"textures": {
		"0": "item/redstone_lamp_on",
		"1": "item/acacia_planks",
		"2": "item/acacia_trapdoor"
	},
	"elements": [
		{
			"from": [0, 8, 0],
			"to": [8, 16, 8],
			"rotation": {"angle": 0, "axis": "y", "origin": [-8, 0, -8]},
			"faces": {
				"north": {"uv": [0, 0, 16, 16], "texture": "#0"},
				"east": {"uv": [0, 0, 16, 16], "texture": "#0"},
				"south": {"uv": [0, 0, 16, 16], "texture": "#0"},
				"west": {"uv": [0, 0, 16, 16], "texture": "#0"},
				"up": {"uv": [0, 0, 16, 16], "texture": "#0"}
			}
		},
		{
			"from": [0, 4, 0],
			"to": [8, 8, 8],
			"rotation": {"angle": 0, "axis": "y", "origin": [-8, 0, -8]},
			"faces": {
				"north": {"uv": [0, 0, 16, 8], "texture": "#1"},
				"east": {"uv": [0, 0, 16, 8], "texture": "#1"},
				"south": {"uv": [0, 0, 16, 8], "texture": "#1"},
				"west": {"uv": [0, 0, 16, 8], "texture": "#1"},
				"down": {"uv": [0, 0, 16, 16], "texture": "#1"}
			}
		},
		{
			"from": [-1.5, 8, 0],
			"to": [0, 16, 8],
			"rotation": {"angle": 0, "axis": "y", "origin": [-8, 0, -8]},
			"faces": {
				"north": {"uv": [0, 0, 16, 3], "rotation": 270, "texture": "#2"},
				"south": {"uv": [0, 3, 16, 0], "rotation": 270, "texture": "#2"},
				"west": {"uv": [0, 16, 16, 0], "rotation": 180, "texture": "#2"},
				"up": {"uv": [0, 0, 16, 3], "rotation": 90, "texture": "#2"},
				"down": {"uv": [0, 3, 16, 0], "rotation": 270, "texture": "#2"}
			}
		},
		{
			"from": [0, 8, -1.5],
			"to": [8, 16, 0],
			"rotation": {"angle": 0, "axis": "y", "origin": [-8, 0, -8]},
			"faces": {
				"north": {"uv": [0, 16, 16, 0], "rotation": 180, "texture": "#2"},
				"east": {"uv": [0, 0, 16, 3], "rotation": 270, "texture": "#2"},
				"west": {"uv": [0, 3, 16, 0], "rotation": 270, "texture": "#2"},
				"up": {"uv": [0, 0, 16, 3], "rotation": 180, "texture": "#2"},
				"down": {"uv": [0, 3, 16, 0], "rotation": 180, "texture": "#2"}
			}
		},
		{
			"from": [0, 8, 8],
			"to": [8, 16, 9.5],
			"rotation": {"angle": 0, "axis": "y", "origin": [-8, 0, -8]},
			"faces": {
				"east": {"uv": [0, 3, 16, 0], "rotation": 270, "texture": "#2"},
				"south": {"uv": [0, 16, 16, 0], "rotation": 180, "texture": "#2"},
				"west": {"uv": [0, 0, 16, 3], "rotation": 270, "texture": "#2"},
				"up": {"uv": [0, 0, 16, 3], "texture": "#2"},
				"down": {"uv": [0, 3, 16, 0], "texture": "#2"}
			}
		},
		{
			"from": [8, 8, 0],
			"to": [9.5, 16, 8],
			"rotation": {"angle": 0, "axis": "y", "origin": [-8, 0, -8]},
			"faces": {
				"north": {"uv": [0, 3, 16, 0], "rotation": 270, "texture": "#2"},
				"east": {"uv": [0, 16, 16, 0], "rotation": 180, "texture": "#2"},
				"south": {"uv": [0, 0, 16, 3], "rotation": 270, "texture": "#2"},
				"up": {"uv": [0, 0, 16, 3], "rotation": 270, "texture": "#2"},
				"down": {"uv": [0, 3, 16, 0], "rotation": 90, "texture": "#2"}
			}
		},
		{
			"from": [3, 16, 2.5],
			"to": [5, 17, 5.5],
			"rotation": {"angle": 0, "axis": "y", "origin": [-8, 0, -8]},
			"faces": {
				"north": {"uv": [6, 14, 10, 16], "texture": "#1"},
				"east": {"uv": [5, 14, 11, 16], "texture": "#1"},
				"south": {"uv": [6, 14, 10, 16], "texture": "#1"},
				"west": {"uv": [5, 14, 11, 16], "texture": "#1"},
				"up": {"uv": [5, 10, 11, 6], "rotation": 90, "texture": "#1"}
			}
		}
	],
	"display": {
		"head": {
			"translation": [12.5, -24.75, 12],
			"scale": [3.04, 3.04, 3.04]
		}
	}
}