{"stats":{"minecraft:used":{"minecraft:peony":3,"minecraft:moss_block":719,"minecraft:orange_dye":9,"minecraft:nether_brick_fence":39,"minecraft:writable_book":4,"minecraft:cut_red_sandstone_slab":2,"minecraft:smooth_quartz_slab":2,"minecraft:dispenser":43,"minecraft:spruce_slab":18277,"minecraft:polished_blackstone":104,"minecraft:poppy":54,"minecraft:ladder":20,"minecraft:black_carpet":4,"minecraft:chest":6,"minecraft:green_banner":93,"minecraft:brown_concrete":6,"minecraft:stone":9569,"minecraft:quartz_stairs":54,"minecraft:red_nether_brick_stairs":149,"minecraft:warped_sign":16,"minecraft:waxed_weathered_cut_copper_stairs":9,"minecraft:lily_of_the_valley":18,"minecraft:cut_copper":4,"minecraft:blue_stained_glass":146,"minecraft:cracked_deepslate_tiles":10,"minecraft:jungle_slab":35,"minecraft:orange_wool":13802,"minecraft:yellow_candle":55,"minecraft:acacia_button":7,"minecraft:snowball":57,"minecraft:azure_bluet":150,"minecraft:stripped_spruce_log":1537,"minecraft:spruce_boat":1,"minecraft:polished_blackstone_slab":10,"minecraft:honey_block":68,"minecraft:stripped_dark_oak_wood":6026,"minecraft:quartz_pillar":35,"minecraft:lime_banner":60,"minecraft:red_wool":4519,"minecraft:black_stained_glass_pane":2,"minecraft:grass_block":2487,"minecraft:polished_andesite_stairs":2056,"minecraft:copper_ore":3,"minecraft:wet_sponge":223,"minecraft:netherite_hoe":32,"minecraft:dark_oak_leaves":54,"minecraft:dark_oak_slab":4579,"minecraft:waxed_weathered_cut_copper":1,"minecraft:dark_oak_button":20,"minecraft:diorite_wall":28,"minecraft:pink_wool":11401,"minecraft:stone_brick_stairs":768,"minecraft:blue_banner":336,"minecraft:red_stained_glass_pane":4,"minecraft:snow":7,"minecraft:sweet_berries":2,"minecraft:yellow_glazed_terracotta":25,"minecraft:furnace":33,"minecraft:acacia_fence":5,"minecraft:seagrass":88,"minecraft:dark_prismarine_stairs":1,"minecraft:mossy_stone_bricks":3,"minecraft:diorite":84,"minecraft:leather_leggings":1,"minecraft:spruce_door":78,"minecraft:warped_fungus_on_a_stick":7,"minecraft:stripped_birch_log":2,"minecraft:red_stained_glass":2,"minecraft:acacia_trapdoor":12,"minecraft:prismarine":28,"minecraft:blackstone":7,"minecraft:orange_tulip":87,"minecraft:lime_concrete_powder":9,"minecraft:mossy_stone_brick_stairs":22,"minecraft:black_glazed_terracotta":2,"minecraft:composter":458,"minecraft:jungle_pressure_plate":2,"minecraft:clay":118,"minecraft:oak_leaves":3640,"minecraft:smooth_quartz_stairs":19,"minecraft:glow_berries":6,"minecraft:respawn_anchor":3,"minecraft:dark_oak_trapdoor":1163,"minecraft:blue_dye":1,"minecraft:sand":588,"minecraft:cut_sandstone_slab":3,"minecraft:waxed_weathered_cut_copper_slab":1,"minecraft:acacia_leaves":1332,"minecraft:cyan_dye":7,"minecraft:purple_terracotta":132,"minecraft:oxidized_cut_copper_slab":1454,"minecraft:gray_concrete":217,"minecraft:black_concrete_powder":32,"minecraft:red_sandstone_wall":57,"minecraft:crimson_fence_gate":12,"minecraft:lightning_rod":31,"minecraft:birch_fence":134,"minecraft:chiseled_sandstone":11,"minecraft:crying_obsidian":14,"minecraft:gray_stained_glass_pane":2,"minecraft:birch_slab":222,"minecraft:stone_button":734,"minecraft:cyan_carpet":128,"minecraft:white_glazed_terracotta":66,"minecraft:spore_blossom":16,"minecraft:lectern":4,"minecraft:red_terracotta":4085,"minecraft:polished_granite":72,"minecraft:oak_pressure_plate":3,"minecraft:lilac":4,"minecraft:flowering_azalea_leaves":286,"minecraft:polished_andesite_slab":2421,"minecraft:soul_lantern":3,"minecraft:nether_wart_block":37,"minecraft:coal_block":16,"minecraft:dark_oak_fence":1366,"minecraft:smithing_table":41,"minecraft:white_stained_glass":92,"minecraft:green_concrete_powder":1,"minecraft:ice":4,"minecraft:waxed_cut_copper_stairs":47,"minecraft:purple_wool":446,"minecraft:diorite_slab":7,"minecraft:gray_stained_glass":872,"minecraft:oak_trapdoor":2203,"minecraft:stripped_acacia_wood":42,"minecraft:iron_bars":287,"minecraft:enchanting_table":3,"minecraft:dead_tube_coral_block":8,"minecraft:acacia_log":9,"minecraft:dead_bush":68,"minecraft:red_concrete":19,"minecraft:armor_stand":7,"minecraft:light_gray_carpet":2270,"minecraft:stripped_warped_stem":1,"minecraft:tinted_glass":522,"minecraft:structure_block":37,"minecraft:polished_blackstone_wall":8,"minecraft:sandstone_wall":155,"minecraft:netherrack":116,"minecraft:orange_bed":1,"minecraft:orange_stained_glass":30,"minecraft:dragon_egg":9,"minecraft:brewing_stand":6,"minecraft:anvil":224,"minecraft:target":7,"minecraft:ancient_debris":3,"minecraft:chorus_flower":3,"minecraft:nether_quartz_ore":8,"minecraft:twisting_vines":2,"minecraft:crimson_hyphae":6,"minecraft:stone_stairs":2631,"minecraft:nether_brick_slab":45,"minecraft:light_gray_glazed_terracotta":7,"minecraft:yellow_carpet":109,"minecraft:oak_fence_gate":56,"minecraft:jungle_trapdoor":288,"minecraft:glow_lichen":1,"minecraft:fern":360,"minecraft:dead_brain_coral_block":1166,"minecraft:nether_brick_stairs":7,"minecraft:polished_diorite":222,"minecraft:orange_candle":25,"minecraft:small_dripleaf":8,"minecraft:shroomlight":25,"minecraft:mossy_cobblestone_stairs":23,"minecraft:sea_lantern":890,"minecraft:flowering_azalea":1,"minecraft:chipped_anvil":2,"minecraft:rooted_dirt":71,"minecraft:iron_block":45,"minecraft:light_weighted_pressure_plate":3,"minecraft:spruce_button":163,"minecraft:warped_fence":51,"minecraft:polished_deepslate_wall":196,"minecraft:jungle_log":4,"minecraft:chicken_spawn_egg":4,"minecraft:smooth_quartz":137,"minecraft:lime_dye":4,"minecraft:pink_stained_glass_pane":4,"minecraft:bamboo":32,"minecraft:prismarine_slab":52,"minecraft:barrel":809,"minecraft:waxed_exposed_cut_copper_slab":9,"minecraft:smooth_basalt":8,"minecraft:basalt":14,"minecraft:tripwire_hook":29,"minecraft:glowstone":8,"minecraft:raw_copper_block":2,"minecraft:warped_stairs":3,"minecraft:tall_grass":218,"minecraft:magenta_wool":2,"minecraft:gray_glazed_terracotta":1,"minecraft:iron_trapdoor":65,"minecraft:oxidized_copper":7,"minecraft:acacia_wood":345,"minecraft:acacia_planks":140,"minecraft:observer":29,"minecraft:orange_terracotta":45,"minecraft:magenta_dye":5,"minecraft:horn_coral_fan":6,"minecraft:hanging_roots":4,"minecraft:pointed_dripstone":20,"minecraft:deepslate_emerald_ore":1,"minecraft:calcite":271,"minecraft:water_bucket":849,"minecraft:yellow_banner":84,"minecraft:nether_brick_wall":411,"minecraft:dirt_path":3,"minecraft:sandstone_stairs":17,"minecraft:prismarine_brick_slab":42,"minecraft:birch_planks":217,"minecraft:cartography_table":84,"minecraft:lime_wool":1034,"minecraft:smooth_sandstone_slab":279,"minecraft:waxed_oxidized_cut_copper":3053,"minecraft:red_mushroom_block":10,"minecraft:blue_concrete_powder":4,"minecraft:cauldron":9,"minecraft:glow_ink_sac":32,"minecraft:spruce_fence_gate":977,"minecraft:gold_ore":4,"minecraft:cracked_stone_bricks":7,"minecraft:gilded_blackstone":1,"minecraft:waxed_exposed_copper":13,"minecraft:diamond_block":3781,"minecraft:red_bed":1,"minecraft:orange_carpet":59,"minecraft:polished_deepslate_slab":275,"minecraft:mossy_cobblestone":372,"minecraft:light_gray_banner":34,"minecraft:lime_terracotta":122,"minecraft:comparator":8,"minecraft:vine":1100,"minecraft:cyan_glazed_terracotta":5,"minecraft:oak_slab":610,"minecraft:tnt":167,"minecraft:crafting_table":7,"minecraft:crimson_trapdoor":1128,"minecraft:green_dye":1,"minecraft:birch_sign":231,"minecraft:white_bed":26,"minecraft:campfire":124,"minecraft:dark_oak_fence_gate":283,"minecraft:cake":1,"minecraft:spruce_log":137,"minecraft:mushroom_stem":14166,"minecraft:deepslate_tile_wall":51,"minecraft:cornflower":86,"minecraft:oak_log":1320,"minecraft:amethyst_cluster":1,"minecraft:blue_stained_glass_pane":17,"minecraft:mud":424,"minecraft:yellow_dye":17,"minecraft:waxed_exposed_cut_copper_stairs":14,"minecraft:oxeye_daisy":43,"minecraft:warped_trapdoor":668,"minecraft:light":610,"minecraft:acacia_sign":3,"minecraft:stripped_jungle_log":41,"minecraft:sunflower":5,"minecraft:oak_button":157,"minecraft:spruce_pressure_plate":1,"minecraft:cyan_concrete":14,"minecraft:purpur_slab":1,"minecraft:spruce_trapdoor":7251,"minecraft:chiseled_stone_bricks":6016,"minecraft:blue_carpet":166,"minecraft:crimson_sign":82,"minecraft:green_carpet":212,"minecraft:cobblestone":593,"minecraft:azalea_leaves":1637,"minecraft:orange_banner":2,"minecraft:crimson_stairs":46,"minecraft:acacia_pressure_plate":2,"minecraft:red_concrete_powder":3,"minecraft:andesite_stairs":768,"minecraft:sandstone_slab":12,"minecraft:glass_pane":1,"minecraft:black_candle":7,"minecraft:repeating_command_block":41,"minecraft:stripped_oak_log":92,"minecraft:husk_spawn_egg":4,"minecraft:brown_mushroom_block":1,"minecraft:dandelion":49,"minecraft:jukebox":3,"minecraft:sculk_vein":2,"minecraft:candle":159,"minecraft:green_stained_glass":4,"minecraft:light_blue_banner":3,"minecraft:moss_carpet":1949,"minecraft:light_blue_stained_glass_pane":11,"minecraft:blue_terracotta":60,"minecraft:light_gray_dye":2,"minecraft:purple_candle":11,"minecraft:polished_deepslate":94,"minecraft:melon":10,"minecraft:dead_tube_coral_fan":1,"minecraft:bone_block":132,"minecraft:oak_sign":304,"minecraft:polished_basalt":14,"minecraft:white_terracotta":896,"minecraft:stripped_jungle_wood":88,"minecraft:grass":2264,"minecraft:bell":7,"minecraft:player_head":295,"minecraft:smooth_sandstone_stairs":51,"minecraft:green_terracotta":40,"minecraft:debug_stick":933,"minecraft:white_candle":30,"minecraft:spruce_leaves":1021,"minecraft:oxidized_cut_copper":164,"minecraft:birch_pressure_plate":61,"minecraft:orange_glazed_terracotta":3,"minecraft:jungle_planks":14,"minecraft:prismarine_brick_stairs":84,"minecraft:deepslate_tile_slab":44,"minecraft:pink_terracotta":25,"minecraft:tuff":152,"minecraft:beehive":951,"minecraft:cyan_wool":3638,"minecraft:obsidian":168,"minecraft:polished_deepslate_stairs":354,"minecraft:honey_bottle":24,"minecraft:big_dripleaf":4,"minecraft:crimson_button":20,"minecraft:glass":6,"minecraft:waxed_oxidized_copper":2,"minecraft:cyan_terracotta":373,"minecraft:coal_ore":53,"minecraft:bricks":3,"minecraft:spruce_wood":502,"minecraft:quartz_slab":45,"minecraft:lantern":274,"minecraft:blue_orchid":8,"minecraft:green_wool":792,"minecraft:dark_oak_wood":530,"minecraft:mossy_cobblestone_slab":21,"minecraft:gray_concrete_powder":34,"minecraft:crimson_roots":4,"minecraft:raw_gold_block":31,"minecraft:stone_bricks":32230,"minecraft:item_frame":284,"minecraft:bedrock":110,"minecraft:birch_button":298,"minecraft:deepslate_diamond_ore":7,"minecraft:birch_trapdoor":189,"minecraft:repeater":411,"minecraft:red_carpet":68,"minecraft:redstone_lamp":1503,"minecraft:red_nether_brick_wall":545,"minecraft:brown_carpet":286,"minecraft:hay_block":152,"minecraft:written_book":15,"minecraft:scaffolding":220,"minecraft:jungle_button":9,"minecraft:oxidized_cut_copper_stairs":44,"minecraft:polished_diorite_stairs":33,"minecraft:gold_block":3575,"minecraft:skeleton_skull":7,"minecraft:pearlescent_froglight":87,"minecraft:large_fern":1,"minecraft:polished_blackstone_stairs":8,"minecraft:stripped_spruce_wood":9732,"minecraft:chiseled_polished_blackstone":2,"minecraft:dark_oak_stairs":932,"minecraft:waxed_oxidized_cut_copper_slab":5098,"minecraft:end_rod":35,"minecraft:dropper":1,"minecraft:wither_skeleton_skull":5,"minecraft:birch_leaves":233,"minecraft:dark_oak_sign":326,"minecraft:mangrove_planks":5,"minecraft:prismarine_stairs":4,"minecraft:oak_planks":1011,"minecraft:birch_wood":19,"minecraft:sandstone":60,"minecraft:redstone_block":1852,"minecraft:blue_bed":5,"minecraft:large_amethyst_bud":10,"minecraft:white_wool":353,"minecraft:yellow_terracotta":71,"minecraft:lime_stained_glass_pane":4,"minecraft:loom":182,"minecraft:light_blue_wool":24,"minecraft:light_gray_terracotta":40,"minecraft:yellow_concrete":1,"minecraft:lingering_potion":150,"minecraft:sponge":18712,"minecraft:note_block":183,"minecraft:shulker_spawn_egg":40,"minecraft:dripstone_block":35,"minecraft:stone_brick_wall":684,"minecraft:deepslate_lapis_ore":1,"minecraft:end_stone":25,"minecraft:cobbled_deepslate_stairs":189,"minecraft:exposed_copper":3,"minecraft:redstone_torch":42,"minecraft:sticky_piston":16,"minecraft:black_terracotta":17,"minecraft:lever":31,"minecraft:green_concrete":7,"minecraft:black_concrete":170,"minecraft:firework_rocket":124,"minecraft:daylight_detector":145,"minecraft:birch_fence_gate":66,"minecraft:dark_oak_log":237,"minecraft:melon_slice":4,"minecraft:light_gray_concrete":1023,"minecraft:heavy_weighted_pressure_plate":26,"minecraft:string":304,"minecraft:brown_wool":3,"minecraft:warped_slab":18,"minecraft:brown_stained_glass":44,"minecraft:barrier":549,"minecraft:light_gray_candle":26,"minecraft:iron_door":2,"minecraft:deepslate":982,"minecraft:prismarine_wall":113,"minecraft:gravel":3,"minecraft:blackstone_slab":29,"minecraft:granite_slab":15,"minecraft:stripped_warped_hyphae":52,"minecraft:jungle_sign":19,"minecraft:blue_candle":19,"minecraft:smooth_red_sandstone_slab":5,"minecraft:dead_horn_coral_fan":1,"minecraft:stripped_oak_wood":308,"minecraft:grindstone":9,"minecraft:crimson_door":1,"minecraft:deepslate_coal_ore":1,"minecraft:waxed_oxidized_cut_copper_stairs":492,"minecraft:andesite":9279,"minecraft:chain":188,"minecraft:smooth_stone_slab":4824,"minecraft:white_concrete":42,"minecraft:warped_button":29,"minecraft:coarse_dirt":24,"minecraft:cobweb":44,"minecraft:azalea":15,"minecraft:oak_fence":262,"minecraft:jungle_leaves":9,"minecraft:petrified_oak_slab":134,"minecraft:orange_concrete_powder":5,"minecraft:rose_bush":6,"minecraft:crimson_fence":46,"minecraft:white_tulip":7,"minecraft:flint_and_steel":29,"minecraft:cracked_deepslate_bricks":12,"minecraft:redstone":1683,"minecraft:stone_shovel":1,"minecraft:light_blue_terracotta":1,"minecraft:spruce_planks":13658,"minecraft:ender_chest":2,"minecraft:sculk":16,"minecraft:stripped_birch_wood":333,"minecraft:wooden_shovel":26,"minecraft:oak_door":1,"minecraft:dirt":307,"minecraft:red_nether_brick_slab":1815,"minecraft:white_carpet":65,"minecraft:hopper":19,"minecraft:prismarine_bricks":28,"minecraft:spruce_stairs":6296,"minecraft:cobblestone_wall":647,"minecraft:pink_carpet":3,"minecraft:pink_dye":4,"minecraft:oak_wood":4457,"minecraft:raw_iron_block":1679,"minecraft:granite":9,"minecraft:warped_pressure_plate":5,"minecraft:spruce_fence":10097,"minecraft:purple_banner":8,"minecraft:andesite_wall":3279,"minecraft:birch_door":2,"minecraft:stone_brick_slab":1765,"minecraft:dark_oak_planks":3483,"minecraft:brown_terracotta":264,"minecraft:light_gray_stained_glass":9,"minecraft:bookshelf":96,"minecraft:waxed_cut_copper":1521,"minecraft:yellow_stained_glass":160,"minecraft:oak_stairs":532,"minecraft:smooth_sandstone":6380,"minecraft:acacia_slab":14,"minecraft:crimson_slab":398,"minecraft:red_candle":27,"minecraft:crimson_planks":183,"minecraft:yellow_concrete_powder":3,"minecraft:light_gray_wool":6743,"minecraft:waxed_cut_copper_slab":2111,"minecraft:black_stained_glass":611,"minecraft:emerald_block":7,"minecraft:dark_oak_pressure_plate":89,"minecraft:deepslate_tile_stairs":6,"minecraft:drowned_spawn_egg":1,"minecraft:cyan_banner":8,"minecraft:granite_wall":22,"minecraft:stone_pressure_plate":26,"minecraft:light_gray_bed":3,"minecraft:red_dye":2,"minecraft:orange_stained_glass_pane":11,"minecraft:brown_candle":8,"minecraft:turtle_egg":68,"minecraft:pumpkin":9,"minecraft:brown_bed":8,"minecraft:cobbled_deepslate_wall":78,"minecraft:acacia_boat":1,"minecraft:amethyst_block":1,"minecraft:iron_ore":3,"minecraft:pink_tulip":1,"minecraft:cobblestone_stairs":126,"minecraft:lodestone":380,"minecraft:cyan_candle":17,"minecraft:polished_andesite":15053,"minecraft:red_nether_bricks":303,"minecraft:blue_wool":2383,"minecraft:andesite_slab":1504,"minecraft:cut_sandstone":3,"minecraft:spruce_sign":1574,"minecraft:red_glazed_terracotta":10,"minecraft:beacon":36,"minecraft:green_bed":2,"minecraft:cobblestone_slab":145,"minecraft:waxed_copper_block":4,"minecraft:jungle_wood":1536,"minecraft:glow_item_frame":6,"minecraft:polished_blackstone_pressure_plate":1,"minecraft:terracotta":410,"minecraft:stripped_dark_oak_log":79,"minecraft:dark_prismarine_slab":472,"minecraft:dead_fire_coral_block":2,"minecraft:brown_banner":18,"minecraft:yellow_stained_glass_pane":51,"minecraft:light_gray_concrete_powder":209,"minecraft:brown_glazed_terracotta":2,"minecraft:polar_bear_spawn_egg":1,"minecraft:painting":68,"minecraft:magenta_carpet":37,"minecraft:infested_stone_bricks":228,"minecraft:smoker":8,"minecraft:warped_planks":129,"minecraft:nether_gold_ore":26,"minecraft:gray_terracotta":262,"minecraft:piston":12,"minecraft:netherite_block":640,"minecraft:wooden_hoe":2,"minecraft:flower_pot":145,"minecraft:acacia_stairs":3,"minecraft:black_wool":81,"minecraft:command_block":268,"minecraft:cracked_polished_blackstone_bricks":2,"minecraft:map":2,"minecraft:gray_candle":39,"minecraft:lapis_ore":19,"minecraft:stone_slab":14013,"minecraft:jungle_stairs":8,"minecraft:yellow_wool":442,"minecraft:golden_leggings":1,"minecraft:acacia_fence_gate":10,"minecraft:brown_stained_glass_pane":150,"minecraft:stripped_crimson_hyphae":2,"minecraft:cobbled_deepslate_slab":5,"minecraft:cyan_stained_glass_pane":9,"minecraft:white_banner":36,"minecraft:chain_command_block":338,"minecraft:red_banner":329,"minecraft:lapis_block":47,"minecraft:yellow_bed":4,"minecraft:polished_blackstone_button":30,"minecraft:sea_pickle":105,"minecraft:gray_wool":1046,"minecraft:smooth_stone":3210,"minecraft:splash_potion":31,"minecraft:birch_stairs":92,"minecraft:lime_candle":7},"minecraft:killed":{"minecraft:shulker":10,"minecraft:chicken":5,"minecraft:cat":4,"minecraft:cow":5,"minecraft:husk":4,"minecraft:polar_bear":1,"minecraft:drowned":1,"minecraft:villager":2},"minecraft:dropped":{"minecraft:clay":1,"minecraft:acacia_wood":1,"minecraft:repeating_command_block":16,"minecraft:respawn_anchor":1,"minecraft:cooked_beef":1,"minecraft:diamond":1,"minecraft:spore_blossom":1,"minecraft:lime_concrete_powder":2,"minecraft:cooked_porkchop":1,"minecraft:dark_oak_slab":33,"minecraft:orange_tulip":5,"minecraft:glow_berries":3,"minecraft:rooted_dirt":1,"minecraft:oxidized_cut_copper_slab":2,"minecraft:red_sandstone_wall":2,"minecraft:saddle":1,"minecraft:quartz_pillar":3,"minecraft:brown_banner":1,"minecraft:red_carpet":2,"minecraft:item_frame":144,"minecraft:light_weighted_pressure_plate":1,"minecraft:gold_block":17,"minecraft:dirt":11,"minecraft:gray_concrete":4,"minecraft:red_bed":1,"minecraft:grass":17,"minecraft:birch_fence":1,"minecraft:raw_copper_block":1,"minecraft:stone_button":20,"minecraft:dark_oak_fence":18,"minecraft:dark_oak_trapdoor":20,"minecraft:stripped_dark_oak_wood":29,"minecraft:horn_coral":1,"minecraft:chain":2,"minecraft:bone_meal":2,"minecraft:bone_block":1,"minecraft:sunflower":1,"minecraft:gray_candle":2,"minecraft:sand":2,"minecraft:iron_pickaxe":1,"minecraft:purple_wool":1,"minecraft:smooth_red_sandstone_slab":1,"minecraft:dark_oak_planks":30,"minecraft:white_wool":2,"minecraft:birch_stairs":1,"minecraft:blue_bed":1,"minecraft:cyan_carpet":3,"minecraft:bone":7,"minecraft:green_wool":12,"minecraft:waxed_cut_copper_slab":11,"minecraft:note_block":65,"minecraft:diamond_block":17,"minecraft:lever":3,"minecraft:polished_andesite_slab":41,"minecraft:cooked_chicken":1,"minecraft:tinted_glass":4,"minecraft:cut_red_sandstone_slab":1,"minecraft:pink_dye":1,"minecraft:netherite_sword":1,"minecraft:obsidian":3,"minecraft:blue_wool":5,"minecraft:rotten_flesh":2,"minecraft:oak_planks":5,"minecraft:enchanted_golden_apple":5,"minecraft:light_gray_carpet":54,"minecraft:green_banner":3,"minecraft:warped_sign":1,"minecraft:azure_bluet":2,"minecraft:jungle_trapdoor":6,"minecraft:white_bed":1,"minecraft:dark_oak_fence_gate":2,"minecraft:waxed_copper_block":1,"minecraft:warped_planks":1,"minecraft:orange_stained_glass":2,"minecraft:acacia_button":1,"minecraft:red_mushroom_block":1,"minecraft:sea_lantern":2,"minecraft:red_candle":2,"minecraft:azalea_leaves":7,"minecraft:heavy_weighted_pressure_plate":2,"minecraft:coal_ore":65,"minecraft:honey_block":3,"minecraft:hopper":3,"minecraft:yellow_banner":1,"minecraft:spruce_slab":93,"minecraft:red_nether_bricks":1,"minecraft:flowering_azalea_leaves":1,"minecraft:granite_wall":1,"minecraft:stone_brick_stairs":10,"minecraft:white_glazed_terracotta":4,"minecraft:cartography_table":2,"minecraft:lectern":7,"minecraft:crimson_planks":2,"minecraft:birch_leaves":1,"minecraft:tnt":2,"minecraft:polished_blackstone":1,"minecraft:smooth_quartz_stairs":1,"minecraft:dripstone_block":1,"minecraft:waxed_oxidized_cut_copper_stairs":2,"minecraft:cobblestone":6,"minecraft:oak_fence":1,"minecraft:barrier":19,"minecraft:yellow_terracotta":4,"minecraft:dark_prismarine_slab":6,"minecraft:spruce_button":5,"minecraft:command_block":35,"minecraft:spruce_door":4,"minecraft:polished_blackstone_button":5,"minecraft:coal":4,"minecraft:coal_block":4,"minecraft:mushroom_stew":3,"minecraft:warped_trapdoor":7,"minecraft:polished_andesite":155,"minecraft:end_rod":66,"minecraft:oxeye_daisy":1,"minecraft:cobweb":1,"minecraft:gray_wool":4,"minecraft:sculk":1,"minecraft:iron_trapdoor":3,"minecraft:sponge":21,"minecraft:wooden_hoe":1,"minecraft:lodestone":13,"minecraft:wooden_axe":13,"minecraft:rose_bush":1,"minecraft:yellow_glazed_terracotta":1,"minecraft:cooked_salmon":1,"minecraft:brown_terracotta":2,"minecraft:dead_bush":2,"minecraft:dried_kelp":1,"minecraft:oak_stairs":5,"minecraft:orange_concrete_powder":1,"minecraft:white_banner":3,"minecraft:mud":7,"minecraft:prismarine_slab":1,"minecraft:smooth_stone":16,"minecraft:smooth_sandstone":35,"minecraft:string":4,"minecraft:polished_deepslate_wall":1,"minecraft:blue_carpet":2,"minecraft:red_nether_brick_wall":6,"minecraft:stone_brick_slab":22,"minecraft:pink_tulip":4,"minecraft:yellow_concrete_powder":1,"minecraft:furnace":1,"minecraft:moss_carpet":10,"minecraft:netherite_hoe":98,"minecraft:green_terracotta":1,"minecraft:player_head":14,"minecraft:stone_sword":2,"minecraft:cobblestone_wall":3,"minecraft:dark_oak_sign":7,"minecraft:smooth_stone_slab":49,"minecraft:deepslate":3,"minecraft:sticky_piston":2,"minecraft:red_banner":1,"minecraft:white_carpet":3,"minecraft:polished_deepslate_slab":2,"minecraft:slime_block":1,"minecraft:structure_block":6,"minecraft:stone_slab":95,"minecraft:light_gray_concrete":5,"minecraft:white_terracotta":5,"minecraft:debug_stick":8,"minecraft:orange_wool":8,"minecraft:oak_sign":56,"minecraft:spruce_fence":58,"minecraft:polished_deepslate_stairs":2,"minecraft:lily_of_the_valley":2,"minecraft:target":13,"minecraft:potato":202,"minecraft:hay_block":1,"minecraft:cyan_wool":12,"minecraft:shroomlight":1,"minecraft:stone":97,"minecraft:flower_pot":2,"minecraft:waxed_cut_copper":2,"minecraft:peony":1,"minecraft:spruce_trapdoor":89,"minecraft:spruce_planks":93,"minecraft:diamond_pickaxe":1,"minecraft:blue_banner":10,"minecraft:andesite_stairs":20,"minecraft:brown_bed":1,"minecraft:redstone_torch":2,"minecraft:stone_pressure_plate":1,"minecraft:spider_eye":1,"minecraft:stone_bricks":190,"minecraft:barrel":18,"minecraft:bamboo":1,"minecraft:warped_button":6,"minecraft:brown_carpet":2,"minecraft:rabbit_stew":3,"minecraft:blue_orchid":2,"minecraft:purple_candle":1,"minecraft:bell":4,"minecraft:crimson_hyphae":1,"minecraft:stripped_spruce_wood":64,"minecraft:black_wool":1,"minecraft:quartz_slab":1,"minecraft:terracotta":6,"minecraft:shulker_spawn_egg":1,"minecraft:spruce_sign":17,"minecraft:daylight_detector":1,"minecraft:acacia_boat":1,"minecraft:candle":2,"minecraft:moss_block":20,"minecraft:birch_planks":2,"minecraft:dark_oak_stairs":12,"minecraft:warped_fungus":1,"minecraft:oak_log":5,"minecraft:golden_pickaxe":1,"minecraft:loom":1,"minecraft:ender_pearl":6,"minecraft:red_nether_brick_slab":5,"minecraft:stripped_birch_wood":1,"minecraft:lime_terracotta":4,"minecraft:lantern":18,"minecraft:blue_concrete_powder":1,"minecraft:prismarine_brick_stairs":4,"minecraft:jungle_planks":1,"minecraft:red_wool":70,"minecraft:bedrock":1,"minecraft:birch_slab":1,"minecraft:raw_gold_block":1,"minecraft:structure_void":2,"minecraft:cod":1,"minecraft:spruce_leaves":4,"minecraft:cyan_terracotta":3,"minecraft:stripped_warped_hyphae":2,"minecraft:redstone_lamp":21,"minecraft:cracked_polished_blackstone_bricks":1,"minecraft:crimson_trapdoor":10,"minecraft:dark_oak_log":2,"minecraft:ice":1,"minecraft:dispenser":4,"minecraft:cornflower":1,"minecraft:dark_oak_wood":4,"minecraft:mutton":1,"minecraft:cooked_cod":1,"minecraft:prismarine_brick_slab":2,"minecraft:pumpkin_pie":1,"minecraft:amethyst_shard":24,"minecraft:wet_sponge":1,"minecraft:black_concrete":3,"minecraft:black_stained_glass":15,"minecraft:gold_ingot":29,"minecraft:cauldron":1,"minecraft:red_glazed_terracotta":1,"minecraft:white_tulip":15,"minecraft:crimson_fungus":1,"minecraft:andesite_slab":5,"minecraft:yellow_wool":2,"minecraft:lime_wool":4,"minecraft:pointed_dripstone":1,"minecraft:white_candle":2,"minecraft:yellow_stained_glass":1,"minecraft:beehive":10,"minecraft:stone_stairs":27,"minecraft:honey_bottle":2,"minecraft:waxed_oxidized_cut_copper_slab":28,"minecraft:carrot":3,"minecraft:infested_stone_bricks":1,"minecraft:birch_fence_gate":1,"minecraft:mushroom_stem":43,"minecraft:chiseled_stone_bricks":82,"minecraft:shulker_shell":1,"minecraft:poppy":3,"minecraft:oak_fence_gate":1,"minecraft:birch_trapdoor":3,"minecraft:oak_wood":4,"minecraft:dropper":1,"minecraft:glowstone":1,"minecraft:stone_brick_wall":3,"minecraft:chest":1,"minecraft:spruce_wood":5,"minecraft:blackstone_slab":1,"minecraft:birch_button":7,"minecraft:iron_bars":5,"minecraft:cyan_concrete":1,"minecraft:chain_command_block":181,"minecraft:scaffolding":4,"minecraft:written_book":3,"minecraft:oak_leaves":13,"minecraft:polished_granite":2,"minecraft:netherrack":9,"minecraft:enchanting_table":1,"minecraft:firework_rocket":1,"minecraft:water_bucket":7,"minecraft:purple_terracotta":2,"minecraft:stripped_spruce_log":15,"minecraft:oak_slab":6,"minecraft:red_concrete_powder":1,"minecraft:vine":4,"minecraft:magenta_carpet":1,"minecraft:lilac":1,"minecraft:mossy_cobblestone":1,"minecraft:bookshelf":4,"minecraft:lead":6,"minecraft:andesite_wall":28,"minecraft:observer":5,"minecraft:jungle_wood":2,"minecraft:amethyst_block":2,"minecraft:nether_brick_wall":4,"minecraft:spruce_stairs":43,"minecraft:acacia_log":1,"minecraft:grass_block":47,"minecraft:stick":1,"minecraft:spruce_fence_gate":14,"minecraft:pearlescent_froglight":17,"minecraft:nether_gold_ore":1,"minecraft:waxed_exposed_copper":2,"minecraft:torch":3,"minecraft:repeater":8,"minecraft:nether_wart_block":2,"minecraft:melon_slice":1,"minecraft:white_concrete":3,"minecraft:smooth_quartz":3,"minecraft:iron_door":1,"minecraft:map":2,"minecraft:light_gray_stained_glass":2,"minecraft:waxed_oxidized_copper":1,"minecraft:crimson_sign":1,"minecraft:green_carpet":2,"minecraft:smooth_quartz_slab":2,"minecraft:jungle_leaves":1,"minecraft:polished_andesite_stairs":17,"minecraft:cyan_candle":1,"minecraft:raw_iron_block":14,"minecraft:music_disc_wait":1,"minecraft:tripwire_hook":3,"minecraft:bucket":1,"minecraft:redstone_block":56,"minecraft:lapis_block":5,"minecraft:chiseled_sandstone":1,"minecraft:dandelion":6,"minecraft:redstone":12,"minecraft:polished_deepslate":4,"minecraft:waxed_weathered_cut_copper_stairs":1,"minecraft:polished_diorite":3,"minecraft:red_concrete":1,"minecraft:nether_brick_slab":2,"minecraft:blue_terracotta":5,"minecraft:anvil":5,"minecraft:sweet_berries":1,"minecraft:gray_stained_glass":19,"minecraft:oak_trapdoor":33,"minecraft:coarse_dirt":1,"minecraft:light_gray_terracotta":1,"minecraft:composter":2,"minecraft:tall_grass":1,"minecraft:birch_pressure_plate":2,"minecraft:light_gray_wool":11,"minecraft:comparator":1,"minecraft:stripped_oak_log":1,"minecraft:stripped_acacia_wood":1,"minecraft:acacia_leaves":5,"minecraft:light_gray_candle":3,"minecraft:red_terracotta":24,"minecraft:red_nether_brick_stairs":1,"minecraft:light":71,"minecraft:crimson_button":5,"minecraft:filled_map":2,"minecraft:snow":1,"minecraft:gray_terracotta":2,"minecraft:shield":1,"minecraft:oak_button":5,"minecraft:black_concrete_powder":1,"minecraft:dead_tube_coral_fan":1,"minecraft:netherite_block":4,"minecraft:dragon_egg":1,"minecraft:andesite":85,"minecraft:warped_fence":1,"minecraft:mossy_stone_bricks":1,"minecraft:pink_wool":11,"minecraft:waxed_oxidized_cut_copper":11,"minecraft:birch_sign":2,"minecraft:spruce_log":1,"minecraft:beacon":1,"minecraft:stone_pickaxe":2,"minecraft:dead_brain_coral_block":11,"minecraft:brown_stained_glass":1,"minecraft:calcite":1,"minecraft:white_stained_glass":1},"minecraft:crafted":{"minecraft:shield":1},"minecraft:custom":{"minecraft:interact_with_crafting_table":2,"minecraft:open_barrel":42,"minecraft:bell_ring":120,"minecraft:leave_game":219,"minecraft:time_since_death":148,"minecraft:play_time":60946337,"minecraft:deaths":6,"minecraft:jump":41369,"minecraft:interact_with_furnace":2,"minecraft:interact_with_cartography_table":5,"minecraft:sleep_in_bed":13,"minecraft:damage_dealt":5730,"minecraft:inspect_dispenser":3,"minecraft:interact_with_anvil":3,"minecraft:inspect_hopper":1,"minecraft:sneak_time":1293228,"minecraft:interact_with_lectern":6,"minecraft:total_world_time":60987419,"minecraft:tune_noteblock":12,"minecraft:time_since_rest":148,"minecraft:swim_one_cm":131,"minecraft:fly_one_cm":367859096,"minecraft:open_chest":26,"minecraft:fall_one_cm":6713,"minecraft:animals_bred":1,"minecraft:clean_banner":2,"minecraft:sprint_one_cm":3429895,"minecraft:drop":3530,"minecraft:interact_with_brewingstand":1,"minecraft:walk_on_water_one_cm":889490,"minecraft:interact_with_loom":14,"minecraft:open_enderchest":1,"minecraft:interact_with_beacon":2,"minecraft:crouch_one_cm":508122,"minecraft:mob_kills":32,"minecraft:fill_cauldron":1,"minecraft:interact_with_campfire":6,"minecraft:climb_one_cm":6867,"minecraft:walk_one_cm":3967258,"minecraft:strider_one_cm":186119,"minecraft:walk_under_water_one_cm":149166,"minecraft:boat_one_cm":107301,"minecraft:pot_flower":26,"minecraft:damage_taken":30,"minecraft:aviate_one_cm":2430472},"minecraft:picked_up":{"minecraft:wooden_axe":4,"minecraft:anvil":1,"minecraft:stone_slab":7,"minecraft:lead":7,"minecraft:light":4,"minecraft:string":4,"minecraft:dark_oak_trapdoor":1,"minecraft:spruce_planks":4,"minecraft:written_book":2,"minecraft:azalea_leaves":1,"minecraft:enchanted_golden_apple":4,"minecraft:melon_slice":2,"minecraft:beehive":1,"minecraft:composter":1,"minecraft:big_dripleaf":1,"minecraft:warped_button":2,"minecraft:brown_carpet":1,"minecraft:orange_bed":1,"minecraft:command_block":8,"minecraft:barrier":3,"minecraft:feather":2,"minecraft:dark_oak_boat":1,"minecraft:stripped_spruce_wood":4,"minecraft:lantern":2,"minecraft:twisting_vines":1,"minecraft:gray_terracotta":1,"minecraft:moss_block":1,"minecraft:debug_stick":3,"minecraft:stripped_acacia_wood":1,"minecraft:stripped_spruce_log":1,"minecraft:polished_andesite":2,"minecraft:dead_brain_coral_block":1,"minecraft:blue_banner":2,"minecraft:rooted_dirt":1,"minecraft:light_gray_carpet":1,"minecraft:dark_oak_fence":1,"minecraft:mud":1,"minecraft:redstone_lamp":1,"minecraft:crimson_trapdoor":2,"minecraft:beef":9,"minecraft:poppy":3,"minecraft:spruce_slab":5,"minecraft:egg":1,"minecraft:sandstone":1,"minecraft:stone":6,"minecraft:spruce_fence":2,"minecraft:mushroom_stem":1,"minecraft:redstone":3,"minecraft:waxed_oxidized_cut_copper_stairs":1,"minecraft:gold_ingot":4,"minecraft:filled_map":6,"minecraft:oak_log":1,"minecraft:white_banner":1,"minecraft:stone_bricks":6,"minecraft:spore_blossom":1,"minecraft:polished_andesite_stairs":1,"minecraft:chain_command_block":29,"minecraft:daylight_detector":1,"minecraft:red_wool":1,"minecraft:gravel":1,"minecraft:dragon_egg":1,"minecraft:painting":3,"minecraft:oak_button":1,"minecraft:lodestone":1,"minecraft:pink_dye":1,"minecraft:shulker_shell":1,"minecraft:redstone_block":9,"minecraft:smooth_stone_slab":1,"minecraft:red_candle":1,"minecraft:oak_sign":9,"minecraft:white_tulip":13,"minecraft:azalea":1,"minecraft:blue_wool":1,"minecraft:brown_terracotta":1,"minecraft:torch":2,"minecraft:spruce_stairs":3,"minecraft:crimson_button":2,"minecraft:target":6,"minecraft:pointed_dripstone":1,"minecraft:vine":1,"minecraft:rotten_flesh":3,"minecraft:music_disc_wait":1,"minecraft:cod":1,"minecraft:warped_fungus_on_a_stick":1,"minecraft:andesite":4,"minecraft:potato":1,"minecraft:horn_coral":1,"minecraft:bone":6,"minecraft:orange_tulip":1,"minecraft:bell":1,"minecraft:sand":1,"minecraft:grass_block":3,"minecraft:diamond_block":4,"minecraft:chiseled_sandstone":1,"minecraft:orange_wool":1,"minecraft:spruce_fence_gate":1,"minecraft:polished_blackstone_button":2,"minecraft:spruce_sign":1,"minecraft:oak_leaves":1,"minecraft:nether_star":6,"minecraft:allium":11,"minecraft:chicken":3,"minecraft:rabbit_stew":2,"minecraft:brown_mushroom":1,"minecraft:gold_block":4,"minecraft:item_frame":87,"minecraft:blue_orchid":4,"minecraft:cyan_carpet":1,"minecraft:andesite_stairs":1,"minecraft:player_head":4,"minecraft:observer":1,"minecraft:lectern":3,"minecraft:tinted_glass":1,"minecraft:sugar_cane":2,"minecraft:spruce_trapdoor":3,"minecraft:stone_button":1,"minecraft:dark_oak_planks":1,"minecraft:stripped_dark_oak_wood":1,"minecraft:pink_tulip":3,"minecraft:saddle":1,"minecraft:cut_sandstone":1,"minecraft:leather":6,"minecraft:mushroom_stew":2,"minecraft:crimson_fungus":1,"minecraft:smooth_sandstone":2,"minecraft:polished_andesite_slab":1,"minecraft:book":2,"minecraft:warped_fungus":1,"minecraft:chiseled_stone_bricks":1,"minecraft:dandelion":4,"minecraft:red_banner":1,"minecraft:white_bed":1,"minecraft:waxed_oxidized_cut_copper_slab":1,"minecraft:terracotta":1,"minecraft:netherite_hoe":27,"minecraft:coal":4}},"DataVersion":3120}