{"stats":{"minecraft:killed":{"minecraft:wither_skeleton":9,"minecraft:blaze":2},"minecraft:used":{"minecraft:oak_fence":64,"minecraft:moss_block":37,"minecraft:oak_trapdoor":114,"minecraft:moss_carpet":21,"minecraft:orange_concrete_powder":2,"minecraft:writable_book":1,"minecraft:acacia_log":13,"minecraft:polished_deepslate":2,"minecraft:dead_bush":2,"minecraft:armor_stand":11,"minecraft:spruce_slab":1305,"minecraft:redstone":118,"minecraft:oak_sign":198,"minecraft:spruce_planks":597,"minecraft:chest":11,"minecraft:stone":92,"minecraft:wither_skeleton_spawn_egg":11,"minecraft:grass":50,"minecraft:player_head":38,"minecraft:netherrack":20,"minecraft:debug_stick":19,"minecraft:spruce_leaves":44,"minecraft:orange_stained_glass":2,"minecraft:dirt":3,"minecraft:anvil":15,"minecraft:light_blue_dye":1,"minecraft:nether_bricks":9,"minecraft:jungle_planks":41,"minecraft:spruce_stairs":63,"minecraft:cobblestone_wall":3,"minecraft:jungle_slab":46,"minecraft:orange_wool":129,"minecraft:nether_brick_slab":1,"minecraft:raw_iron_block":10,"minecraft:beehive":225,"minecraft:tuff":31,"minecraft:jungle_trapdoor":95,"minecraft:spruce_fence":287,"minecraft:cyan_wool":13,"minecraft:obsidian":3,"minecraft:honey_bottle":38,"minecraft:small_dripleaf":5,"minecraft:big_dripleaf":17,"minecraft:andesite_wall":50,"minecraft:stone_brick_slab":65,"minecraft:dark_oak_planks":34,"minecraft:cyan_terracotta":32,"minecraft:stripped_dark_oak_wood":204,"minecraft:bricks":29,"minecraft:quartz_pillar":33,"minecraft:waxed_cut_copper":12,"minecraft:spruce_wood":90,"minecraft:grass_block":142,"minecraft:oak_stairs":141,"minecraft:birch_sapling":3,"minecraft:spruce_button":11,"minecraft:smooth_sandstone":760,"minecraft:green_wool":325,"minecraft:dark_oak_slab":59,"minecraft:stone_brick_stairs":32,"minecraft:barrel":21,"minecraft:stone_bricks":457,"minecraft:waxed_exposed_cut_copper_slab":4,"minecraft:smooth_basalt":20,"minecraft:birch_button":5,"minecraft:birch_trapdoor":15,"minecraft:repeater":63,"minecraft:redstone_lamp":16,"minecraft:waxed_cut_copper_slab":4,"minecraft:brown_carpet":43,"minecraft:tall_grass":22,"minecraft:jungle_button":5,"minecraft:podzol":50,"minecraft:gold_block":239,"minecraft:cobbled_deepslate":46,"minecraft:acacia_planks":27,"minecraft:observer":2,"minecraft:seagrass":70,"minecraft:pumpkin":1,"minecraft:stripped_spruce_wood":13,"minecraft:yellow_banner":4,"minecraft:dark_oak_stairs":38,"minecraft:water_bucket":25,"minecraft:mossy_stone_bricks":9,"minecraft:waxed_oxidized_cut_copper_slab":1,"minecraft:diorite":2,"minecraft:end_rod":9,"minecraft:nether_brick_wall":41,"minecraft:cow_spawn_egg":5,"minecraft:cobblestone_stairs":7,"minecraft:spruce_door":2,"minecraft:prismarine_brick_slab":9,"minecraft:birch_leaves":7,"minecraft:gray_carpet":1,"minecraft:dark_oak_sign":2,"minecraft:polished_andesite":80,"minecraft:oak_planks":200,"minecraft:cartography_table":31,"minecraft:andesite_slab":5,"minecraft:blackstone":250,"minecraft:redstone_block":288,"minecraft:composter":64,"minecraft:spruce_sign":60,"minecraft:glow_ink_sac":122,"minecraft:gold_ore":10,"minecraft:cracked_stone_bricks":4,"minecraft:oak_leaves":15,"minecraft:glow_item_frame":2,"minecraft:waxed_exposed_copper":12,"minecraft:golden_apple":1,"minecraft:dark_oak_trapdoor":26,"minecraft:diamond_block":200,"minecraft:sand":9,"minecraft:lime_terracotta":13,"minecraft:comparator":1,"minecraft:yellow_terracotta":52,"minecraft:oak_slab":92,"minecraft:crafting_table":1,"minecraft:loom":4,"minecraft:waxed_weathered_cut_copper_slab":31,"minecraft:sponge":950,"minecraft:purple_terracotta":127,"minecraft:dripstone_block":18,"minecraft:painting":7,"minecraft:smoker":2,"minecraft:redstone_torch":2,"minecraft:birch_fence":35,"minecraft:piston":1,"minecraft:mud":6,"minecraft:dark_prismarine":4,"minecraft:netherite_block":49,"minecraft:lever":2,"minecraft:firework_rocket":31,"minecraft:waxed_exposed_cut_copper_stairs":13,"minecraft:daylight_detector":1,"minecraft:birch_slab":6,"minecraft:gray_stained_glass_pane":1,"minecraft:command_block":47,"minecraft:light_gray_concrete":2,"minecraft:cyan_carpet":34,"minecraft:string":2,"minecraft:barrier":16,"minecraft:stone_button":16,"minecraft:netherite_axe":5,"minecraft:cyan_concrete":1,"minecraft:stone_slab":24,"minecraft:spruce_trapdoor":376,"minecraft:red_terracotta":188,"minecraft:polished_granite":7,"minecraft:deepslate":6,"minecraft:gravel":13,"minecraft:polished_andesite_slab":371,"minecraft:yellow_wool":6,"minecraft:crimson_sign":4,"minecraft:chiseled_stone_bricks":22,"minecraft:blue_carpet":38,"minecraft:green_carpet":33,"minecraft:jungle_sign":1,"minecraft:coal_block":47,"minecraft:cobblestone":35,"minecraft:andesite":146,"minecraft:green_concrete_powder":21,"minecraft:cooked_porkchop":1,"minecraft:deepslate_coal_ore":2,"minecraft:dark_oak_fence":31,"minecraft:white_stained_glass":112,"minecraft:andesite_stairs":13,"minecraft:chain_command_block":304,"minecraft:glass_pane":2,"minecraft:repeating_command_block":6,"minecraft:waxed_cut_copper_stairs":3,"minecraft:wither_rose":2,"minecraft:polished_blackstone_button":3,"minecraft:warped_button":5,"minecraft:smooth_stone":5,"minecraft:cobweb":31},"minecraft:crafted":{"minecraft:shield":1},"minecraft:custom":{"minecraft:interact_with_anvil":8,"minecraft:mob_kills":12,"minecraft:interact_with_crafting_table":1,"minecraft:open_barrel":3,"minecraft:bell_ring":1,"minecraft:leave_game":77,"minecraft:time_since_death":3832461,"minecraft:climb_one_cm":13958,"minecraft:damage_resisted":28466,"minecraft:sprint_one_cm":3502100,"minecraft:walk_one_cm":1550406,"minecraft:drop":83,"minecraft:sneak_time":201458,"minecraft:play_time":4068598,"minecraft:deaths":2,"minecraft:walk_under_water_one_cm":76009,"minecraft:interact_with_lectern":4,"minecraft:jump":46654,"minecraft:walk_on_water_one_cm":270749,"minecraft:total_world_time":4068598,"minecraft:interact_with_cartography_table":3,"minecraft:interact_with_loom":1,"minecraft:time_since_rest":3832481,"minecraft:damage_dealt":2340,"minecraft:swim_one_cm":13677,"minecraft:fly_one_cm":44001305,"minecraft:open_chest":9,"minecraft:crouch_one_cm":259031,"minecraft:fall_one_cm":2090,"minecraft:inspect_dispenser":1},"minecraft:picked_up":{"minecraft:redstone_block":7,"minecraft:stone_brick_stairs":3,"minecraft:polished_deepslate":1,"minecraft:oak_sign":4,"minecraft:smooth_stone":1,"minecraft:spruce_planks":1,"minecraft:player_head":10,"minecraft:stick":1,"minecraft:stone_sword":1,"minecraft:repeating_command_block":1,"minecraft:honey_bottle":1,"minecraft:command_block":3,"minecraft:green_wool":3,"minecraft:barrier":1,"minecraft:beacon":1,"minecraft:name_tag":2,"minecraft:bone":9,"minecraft:moss_block":3,"minecraft:chain_command_block":16,"minecraft:chiseled_stone_bricks":2,"minecraft:amethyst_shard":4,"minecraft:grass_block":4,"minecraft:nether_brick_slab":1,"minecraft:diamond_block":2,"minecraft:netherite_block":1,"minecraft:firework_rocket":1,"minecraft:dispenser":1,"minecraft:painting":1,"minecraft:grass":1,"minecraft:coal":4},"minecraft:dropped":{"minecraft:spruce_sign":1,"minecraft:moss_block":3,"minecraft:ender_pearl":6,"minecraft:barrier":1,"minecraft:grass_block":3,"minecraft:amethyst_shard":24,"minecraft:gold_ingot":24,"minecraft:green_wool":3,"minecraft:diamond_block":1,"minecraft:player_head":10,"minecraft:name_tag":2,"minecraft:chiseled_stone_bricks":2,"minecraft:stone_brick_stairs":3}},"DataVersion":3120}