{"stats":{"minecraft:killed":{"minecraft:wither_skeleton":12},"minecraft:dropped":{"minecraft:spruce_sign":6,"minecraft:water_bucket":1,"minecraft:wolf_spawn_egg":1,"minecraft:oak_slab":2,"minecraft:moss_block":1,"minecraft:chorus_fruit":6,"minecraft:cyan_glazed_terracotta":1,"minecraft:ender_pearl":15,"minecraft:nether_star":1,"minecraft:dark_oak_slab":1,"minecraft:glow_berries":1,"minecraft:barrier":1,"minecraft:cobblestone":1,"minecraft:andesite_wall":6,"minecraft:polished_blackstone_brick_wall":1,"minecraft:spruce_stairs":1,"minecraft:grass_block":2,"minecraft:coal":964,"minecraft:golden_apple":1,"minecraft:red_carpet":1,"minecraft:polished_andesite":3,"minecraft:dirt":3,"minecraft:birch_fence":88,"minecraft:repeater":1,"minecraft:wooden_axe":3,"minecraft:seagrass":1,"minecraft:map":1,"minecraft:brown_terracotta":1,"minecraft:amethyst_shard":60,"minecraft:raw_iron_block":1,"minecraft:purple_wool":1,"minecraft:crimson_door":1,"minecraft:bone":400,"minecraft:stone_brick_slab":2,"minecraft:gold_ingot":69,"minecraft:redstone":1,"minecraft:sweet_berries":1,"minecraft:diamond_block":2,"minecraft:player_head":3,"minecraft:polished_andesite_slab":1,"minecraft:stone_sword":13,"minecraft:twisting_vines":1,"minecraft:andesite_slab":1,"minecraft:pointed_dripstone":1,"minecraft:white_carpet":1,"minecraft:rotten_flesh":408,"minecraft:stone_slab":2,"minecraft:debug_stick":3,"minecraft:waxed_oxidized_cut_copper_slab":1,"minecraft:nether_bricks":1,"minecraft:oak_sign":2,"minecraft:spruce_fence":2,"minecraft:warped_planks":1,"minecraft:carrot":1,"minecraft:light_gray_candle":1,"minecraft:light":2,"minecraft:filled_map":1,"minecraft:chiseled_stone_bricks":3,"minecraft:big_dripleaf":1,"minecraft:stone":3,"minecraft:shield":1,"minecraft:andesite":3,"minecraft:acacia_sapling":1,"minecraft:spider_eye":1,"minecraft:stone_bricks":1,"minecraft:brown_candle":1,"minecraft:white_dye":1,"minecraft:spruce_slab":1,"minecraft:cyan_concrete":1,"minecraft:stone_brick_stairs":2,"minecraft:netherrack":689},"minecraft:picked_up":{"minecraft:shield":1,"minecraft:item_frame":4,"minecraft:birch_fence":23,"minecraft:player_head":4,"minecraft:andesite_wall":1,"minecraft:stone_sword":13,"minecraft:rotten_flesh":404,"minecraft:gold_ingot":29,"minecraft:horn_coral":2,"minecraft:bone":396,"minecraft:chiseled_stone_bricks":1,"minecraft:stone_brick_slab":1,"minecraft:amethyst_shard":16,"minecraft:diamond_block":1,"minecraft:barrel":1,"minecraft:polished_andesite":2,"minecraft:spruce_sign":1,"minecraft:chorus_fruit":6,"minecraft:netherrack":688,"minecraft:coal":937,"minecraft:ender_pearl":3},"minecraft:used":{"minecraft:oak_fence":116,"minecraft:moss_block":175,"minecraft:oak_trapdoor":134,"minecraft:light_blue_banner":17,"minecraft:moss_carpet":7,"minecraft:jungle_leaves":41,"minecraft:spruce_slab":3685,"minecraft:redstone":61,"minecraft:ladder":5,"minecraft:oak_sign":4,"minecraft:light_gray_carpet":98,"minecraft:light_blue_terracotta":24,"minecraft:spruce_planks":2507,"minecraft:chest":2,"minecraft:stone":1219,"minecraft:red_nether_brick_stairs":9,"minecraft:player_head":6,"minecraft:mossy_stone_brick_slab":9,"minecraft:netherrack":22,"minecraft:debug_stick":1421,"minecraft:oxidized_cut_copper":13,"minecraft:dirt":646,"minecraft:anvil":8,"minecraft:red_nether_brick_slab":480,"minecraft:prismarine_bricks":36,"minecraft:orange_wool":517,"minecraft:nether_bricks":6,"minecraft:spruce_stairs":449,"minecraft:prismarine_brick_stairs":130,"minecraft:deepslate_brick_slab":3,"minecraft:jungle_slab":197,"minecraft:stone_stairs":40,"minecraft:nether_brick_slab":12,"minecraft:acacia_sapling":30,"minecraft:beehive":65,"minecraft:jungle_trapdoor":191,"minecraft:spruce_fence":2085,"minecraft:small_dripleaf":104,"minecraft:big_dripleaf":72,"minecraft:shroomlight":21,"minecraft:andesite_wall":224,"minecraft:brown_terracotta":11,"minecraft:dark_oak_planks":4,"minecraft:crimson_button":1,"minecraft:stone_brick_slab":245,"minecraft:stripped_dark_oak_wood":787,"minecraft:red_wool":6,"minecraft:lantern":35,"minecraft:grass_block":258,"minecraft:spruce_button":5,"minecraft:warped_fence":1,"minecraft:smooth_sandstone":1219,"minecraft:polished_andesite_stairs":312,"minecraft:green_wool":154,"minecraft:polished_blackstone_brick_wall":1,"minecraft:dark_oak_slab":17,"minecraft:raw_gold_block":12,"minecraft:prismarine_slab":106,"minecraft:barrel":73,"minecraft:stone_brick_stairs":203,"minecraft:stone_bricks":1351,"minecraft:blue_banner":5,"minecraft:item_frame":57,"minecraft:bamboo":46,"minecraft:repeater":6,"minecraft:light_gray_wool":66,"minecraft:tripwire_hook":1,"minecraft:red_nether_brick_wall":431,"minecraft:red_carpet":11,"minecraft:redstone_lamp":229,"minecraft:warped_stairs":5,"minecraft:waxed_cut_copper_slab":919,"minecraft:horn_coral":5,"minecraft:wolf_spawn_egg":2,"minecraft:yellow_glazed_terracotta":44,"minecraft:salmon_spawn_egg":23,"minecraft:oxidized_cut_copper_stairs":13,"minecraft:podzol":3,"minecraft:horn_coral_fan":5,"minecraft:brown_candle":1,"minecraft:seagrass":27,"minecraft:dark_prismarine_stairs":108,"minecraft:stripped_spruce_wood":895,"minecraft:pointed_dripstone":10,"minecraft:deepslate_brick_wall":19,"minecraft:calcite":7,"minecraft:yellow_banner":15,"minecraft:water_bucket":55,"minecraft:mossy_stone_bricks":110,"minecraft:waxed_oxidized_cut_copper_slab":64,"minecraft:nether_brick_wall":38,"minecraft:cobblestone_stairs":81,"minecraft:spruce_door":8,"minecraft:lodestone":28,"minecraft:prismarine_brick_slab":105,"minecraft:polished_andesite":663,"minecraft:netherite_chestplate":2,"minecraft:prismarine":93,"minecraft:jungle_fence":10,"minecraft:prismarine_stairs":123,"minecraft:andesite_slab":348,"minecraft:mossy_stone_brick_stairs":35,"minecraft:redstone_block":26,"minecraft:spruce_sign":117,"minecraft:cauldron":1,"minecraft:red_glazed_terracotta":1,"minecraft:spruce_fence_gate":162,"minecraft:dark_oak_trapdoor":6,"minecraft:mossy_cobblestone":108,"minecraft:diamond_block":296,"minecraft:lime_terracotta":4,"minecraft:oak_slab":74,"minecraft:dark_prismarine_slab":184,"minecraft:crimson_trapdoor":269,"minecraft:blast_furnace":8,"minecraft:sponge":10,"minecraft:acacia_leaves":4,"minecraft:oxidized_cut_copper_slab":58,"minecraft:stone_brick_wall":67,"minecraft:magenta_carpet":4,"minecraft:end_stone":38,"minecraft:smoker":2,"minecraft:warped_planks":1,"minecraft:deepslate_brick_stairs":12,"minecraft:mushroom_stem":2,"minecraft:lightning_rod":1,"minecraft:birch_fence":3,"minecraft:redstone_torch":9,"minecraft:oak_log":971,"minecraft:sticky_piston":19,"minecraft:netherite_block":24,"minecraft:dark_prismarine":34,"minecraft:green_concrete":6,"minecraft:flower_pot":4,"minecraft:light":65,"minecraft:daylight_detector":3,"minecraft:gray_shulker_box":7,"minecraft:command_block":1,"minecraft:cyan_carpet":18,"minecraft:string":75,"minecraft:barrier":1,"minecraft:warped_slab":11,"minecraft:stone_button":7,"minecraft:netherite_axe":25,"minecraft:cyan_concrete":23,"minecraft:stone_slab":171,"minecraft:red_terracotta":697,"minecraft:polished_granite":21,"minecraft:spruce_trapdoor":832,"minecraft:polished_andesite_slab":464,"minecraft:blue_carpet":13,"minecraft:green_carpet":59,"minecraft:chiseled_stone_bricks":428,"minecraft:cobblestone":843,"minecraft:crimson_stairs":1,"minecraft:white_banner":3,"minecraft:grindstone":2,"minecraft:green_concrete_powder":5,"minecraft:waxed_oxidized_cut_copper_stairs":141,"minecraft:andesite_stairs":21,"minecraft:andesite":468,"minecraft:chain":49,"minecraft:black_candle":4,"minecraft:smooth_stone_slab":14,"minecraft:waxed_cut_copper_stairs":144,"minecraft:gray_wool":39,"minecraft:purple_carpet":3,"minecraft:purple_wool":3,"minecraft:smooth_stone":114},"minecraft:custom":{"minecraft:mob_kills":12,"minecraft:interact_with_anvil":2,"minecraft:open_barrel":11,"minecraft:leave_game":69,"minecraft:time_since_death":2531700,"minecraft:climb_one_cm":1922,"minecraft:damage_resisted":73110,"minecraft:sprint_one_cm":634374,"minecraft:walk_one_cm":467285,"minecraft:drop":313,"minecraft:play_time":2690265,"minecraft:deaths":2,"minecraft:sneak_time":154914,"minecraft:walk_under_water_one_cm":64809,"minecraft:jump":6592,"minecraft:walk_on_water_one_cm":588468,"minecraft:total_world_time":2690265,"minecraft:time_since_rest":2531720,"minecraft:damage_taken":30,"minecraft:damage_dealt":2400,"minecraft:swim_one_cm":17307,"minecraft:fly_one_cm":23828691,"minecraft:open_chest":5,"minecraft:crouch_one_cm":92862,"minecraft:interact_with_smoker":3,"minecraft:fall_one_cm":3887}},"DataVersion":3105}