{"stats":{"minecraft:custom":{"minecraft:open_barrel":26,"minecraft:leave_game":52,"minecraft:time_since_death":138009,"minecraft:sprint_one_cm":903204,"minecraft:drop":1721,"minecraft:play_time":7437600,"minecraft:deaths":1,"minecraft:jump":11776,"minecraft:walk_on_water_one_cm":109044,"minecraft:interact_with_loom":32,"minecraft:sleep_in_bed":9,"minecraft:open_enderchest":6,"minecraft:damage_dealt":8410,"minecraft:crouch_one_cm":387180,"minecraft:interact_with_anvil":2,"minecraft:mob_kills":131,"minecraft:interact_with_campfire":3,"minecraft:climb_one_cm":2110,"minecraft:walk_one_cm":2933003,"minecraft:strider_one_cm":1359034,"minecraft:sneak_time":327398,"minecraft:walk_under_water_one_cm":10869,"minecraft:boat_one_cm":147719,"minecraft:total_world_time":7437600,"minecraft:pot_flower":6,"minecraft:time_since_rest":138010,"minecraft:damage_taken":280,"minecraft:fly_one_cm":32496561,"minecraft:swim_one_cm":1625,"minecraft:open_chest":2},"minecraft:used":{"minecraft:moss_block":190,"minecraft:nether_brick_fence":2,"minecraft:moss_carpet":262,"minecraft:blue_terracotta":49,"minecraft:writable_book":1,"minecraft:red_sand":9,"minecraft:smooth_quartz_slab":14,"minecraft:dead_brain_coral":1,"minecraft:spruce_slab":3215,"minecraft:dead_tube_coral_fan":3,"minecraft:bone_block":2,"minecraft:ladder":15,"minecraft:poppy":2,"minecraft:oak_sign":62,"minecraft:white_concrete_powder":4,"minecraft:chest":12,"minecraft:white_terracotta":96,"minecraft:stone":277,"minecraft:warped_sign":9,"minecraft:red_nether_brick_stairs":7,"minecraft:quartz_stairs":2,"minecraft:grass":612,"minecraft:player_head":183,"minecraft:debug_stick":290,"minecraft:spruce_leaves":7,"minecraft:oxidized_cut_copper":7,"minecraft:lily_of_the_valley":64,"minecraft:jungle_planks":2,"minecraft:prismarine_brick_stairs":57,"minecraft:weathered_cut_copper_stairs":2,"minecraft:orange_wool":851,"minecraft:pink_terracotta":6,"minecraft:acacia_button":3,"minecraft:beehive":207,"minecraft:tuff":20,"minecraft:cyan_wool":972,"minecraft:azure_bluet":114,"minecraft:stripped_spruce_log":95,"minecraft:crimson_button":6,"minecraft:honey_block":27,"minecraft:stripped_dark_oak_wood":640,"minecraft:red_wool":389,"minecraft:quartz_slab":56,"minecraft:spruce_wood":29,"minecraft:lantern":85,"minecraft:grass_block":350,"minecraft:blue_orchid":4,"minecraft:polished_andesite_stairs":292,"minecraft:green_wool":305,"minecraft:wet_sponge":4,"minecraft:netherite_hoe":120,"minecraft:dark_oak_wood":37,"minecraft:dark_oak_slab":244,"minecraft:diorite_wall":6,"minecraft:pink_wool":990,"minecraft:stone_brick_stairs":136,"minecraft:stone_bricks":5319,"minecraft:blue_banner":95,"minecraft:item_frame":336,"minecraft:birch_button":6,"minecraft:birch_trapdoor":5,"minecraft:red_carpet":93,"minecraft:redstone_lamp":17,"minecraft:red_nether_brick_wall":39,"minecraft:bow":14,"minecraft:brown_carpet":51,"minecraft:dark_oak_boat":7,"minecraft:hay_block":8,"minecraft:scaffolding":1527,"minecraft:oxidized_cut_copper_stairs":7,"minecraft:gold_block":893,"minecraft:skeleton_skull":3,"minecraft:egg":1,"minecraft:brown_concrete_powder":7,"minecraft:large_fern":57,"minecraft:stripped_spruce_wood":102,"minecraft:light_blue_carpet":12,"minecraft:dark_oak_stairs":137,"minecraft:waxed_oxidized_cut_copper_slab":25,"minecraft:diorite":16,"minecraft:spruce_door":24,"minecraft:warped_fungus_on_a_stick":616,"minecraft:birch_leaves":268,"minecraft:dark_oak_sign":1,"minecraft:prismarine":4,"minecraft:jungle_fence":13,"minecraft:oak_planks":193,"minecraft:prismarine_stairs":27,"minecraft:orange_tulip":2,"minecraft:smooth_quartz_stairs":2,"minecraft:large_amethyst_bud":5,"minecraft:oak_leaves":454,"minecraft:white_wool":181,"minecraft:dark_oak_trapdoor":30,"minecraft:glow_berries":14,"minecraft:sand":33,"minecraft:loom":861,"minecraft:light_blue_wool":12,"minecraft:smooth_red_sandstone":8,"minecraft:weathered_cut_copper_slab":1,"minecraft:acacia_leaves":376,"minecraft:sponge":1229,"minecraft:oxidized_cut_copper_slab":7,"minecraft:note_block":1,"minecraft:dripstone_block":36,"minecraft:lingering_potion":461,"minecraft:stone_brick_wall":7,"minecraft:red_sandstone_wall":6,"minecraft:deepslate_brick_stairs":2,"minecraft:birch_fence":4,"minecraft:black_terracotta":180,"minecraft:lever":1,"minecraft:daylight_detector":12,"minecraft:birch_slab":24,"minecraft:lime_carpet":2,"minecraft:heavy_weighted_pressure_plate":7,"minecraft:barrier":391,"minecraft:melon_slice":7,"minecraft:light_gray_candle":5,"minecraft:warped_slab":17,"minecraft:stone_button":7,"minecraft:cyan_carpet":17,"minecraft:red_terracotta":115,"minecraft:polished_granite":25,"minecraft:deepslate":6,"minecraft:prismarine_wall":26,"minecraft:gravel":1,"minecraft:cat_spawn_egg":64,"minecraft:flowering_azalea_leaves":290,"minecraft:polished_andesite_slab":643,"minecraft:granite_slab":2,"minecraft:green_candle":4,"minecraft:stripped_warped_hyphae":4,"minecraft:nether_wart_block":2,"minecraft:dead_horn_coral_fan":4,"minecraft:stripped_oak_wood":33,"minecraft:dark_oak_fence":204,"minecraft:waxed_oxidized_cut_copper_stairs":15,"minecraft:birch_log":2,"minecraft:chain":43,"minecraft:andesite":571,"minecraft:smooth_stone_slab":767,"minecraft:coarse_dirt":10,"minecraft:warped_button":11,"minecraft:purple_wool":7,"minecraft:gray_stained_glass":138,"minecraft:azalea":25,"minecraft:oak_fence":116,"minecraft:oak_trapdoor":219,"minecraft:stripped_acacia_wood":18,"minecraft:petrified_oak_slab":20,"minecraft:iron_bars":301,"minecraft:dead_bush":14,"minecraft:flint_and_steel":19,"minecraft:white_tulip":2,"minecraft:red_concrete":3,"minecraft:pufferfish_spawn_egg":12,"minecraft:light_gray_carpet":76,"minecraft:stripped_warped_stem":3,"minecraft:spruce_planks":3924,"minecraft:ender_chest":2,"minecraft:deepslate_gold_ore":2,"minecraft:wooden_shovel":1,"minecraft:sandstone_wall":43,"minecraft:cooked_chicken":2,"minecraft:netherrack":12,"minecraft:end_stone_brick_wall":25,"minecraft:dragon_egg":1,"minecraft:anvil":2,"minecraft:red_nether_brick_slab":201,"minecraft:dirt":34,"minecraft:spyglass":3,"minecraft:ancient_debris":3,"minecraft:white_carpet":93,"minecraft:prismarine_bricks":1,"minecraft:spruce_stairs":841,"minecraft:cobblestone_wall":10,"minecraft:stone_stairs":6,"minecraft:glow_lichen":11,"minecraft:light_gray_glazed_terracotta":6,"minecraft:yellow_carpet":2,"minecraft:oak_wood":150,"minecraft:raw_iron_block":1607,"minecraft:jungle_trapdoor":63,"minecraft:spruce_fence":1571,"minecraft:dead_brain_coral_block":990,"minecraft:polished_diorite":194,"minecraft:fern":93,"minecraft:orange_candle":3,"minecraft:shroomlight":66,"minecraft:andesite_wall":423,"minecraft:stone_brick_slab":421,"minecraft:brown_terracotta":15,"minecraft:dark_oak_planks":286,"minecraft:sea_lantern":27,"minecraft:flowering_azalea":5,"minecraft:bookshelf":7,"minecraft:light_gray_stained_glass":1,"minecraft:oak_stairs":190,"minecraft:rooted_dirt":2,"minecraft:smooth_sandstone":497,"minecraft:crimson_slab":229,"minecraft:chicken_spawn_egg":51,"minecraft:crimson_planks":34,"minecraft:barrel":332,"minecraft:prismarine_slab":44,"minecraft:light_gray_wool":910,"minecraft:tripwire_hook":2,"minecraft:waxed_cut_copper_slab":19,"minecraft:warped_stairs":2,"minecraft:black_stained_glass":143,"minecraft:tall_grass":297,"minecraft:acacia_wood":1,"minecraft:cyan_banner":25,"minecraft:stone_pressure_plate":6,"minecraft:acacia_planks":22,"minecraft:brown_candle":1,"minecraft:turtle_egg":134,"minecraft:pumpkin":7,"minecraft:horn_coral_fan":7,"minecraft:deepslate_emerald_ore":1,"minecraft:calcite":4,"minecraft:water_bucket":38,"minecraft:yellow_banner":33,"minecraft:nether_brick_wall":79,"minecraft:pink_tulip":1,"minecraft:amethyst_block":30,"minecraft:cobblestone_stairs":2,"minecraft:light_blue_glazed_terracotta":7,"minecraft:lodestone":8,"minecraft:prismarine_brick_slab":37,"minecraft:birch_planks":5,"minecraft:cyan_candle":1,"minecraft:polished_andesite":2226,"minecraft:lime_wool":118,"minecraft:waxed_oxidized_cut_copper":8,"minecraft:blue_wool":587,"minecraft:andesite_slab":233,"minecraft:smooth_sandstone_slab":3,"minecraft:spruce_sign":63,"minecraft:glow_ink_sac":3,"minecraft:spruce_fence_gate":70,"minecraft:cobblestone_slab":3,"minecraft:gilded_blackstone":6,"minecraft:rail":5,"minecraft:orange_carpet":20,"minecraft:lime_terracotta":33,"minecraft:terracotta":350,"minecraft:stripped_dark_oak_log":5,"minecraft:vine":1031,"minecraft:oak_slab":388,"minecraft:strider_spawn_egg":2,"minecraft:red_bed":15,"minecraft:crimson_trapdoor":3,"minecraft:brown_banner":6,"minecraft:birch_sign":5,"minecraft:cod":11,"minecraft:campfire":1,"minecraft:white_bed":21,"minecraft:light_gray_concrete_powder":1,"minecraft:dark_oak_fence_gate":7,"minecraft:painting":16,"minecraft:magenta_carpet":3,"minecraft:spruce_log":37,"minecraft:dark_oak_door":1,"minecraft:mushroom_stem":4520,"minecraft:oak_log":1,"minecraft:blue_stained_glass_pane":6,"minecraft:gray_terracotta":45,"minecraft:wooden_hoe":1,"minecraft:flower_pot":8,"minecraft:light":5,"minecraft:cornflower":1,"minecraft:black_wool":35,"minecraft:warped_trapdoor":141,"minecraft:oxeye_daisy":21,"minecraft:stripped_jungle_log":2,"minecraft:command_block":57,"minecraft:sunflower":1,"minecraft:gray_candle":7,"minecraft:map":30,"minecraft:lapis_ore":2,"minecraft:spruce_pressure_plate":12,"minecraft:cyan_concrete":1,"minecraft:stone_slab":1138,"minecraft:spruce_trapdoor":936,"minecraft:yellow_wool":184,"minecraft:blue_carpet":104,"minecraft:chiseled_stone_bricks":1303,"minecraft:brown_stained_glass_pane":207,"minecraft:fishing_rod":5,"minecraft:azalea_leaves":268,"minecraft:stripped_crimson_hyphae":38,"minecraft:red_concrete_powder":1,"minecraft:cooked_porkchop":2,"minecraft:andesite_stairs":32,"minecraft:sandstone_slab":1,"minecraft:warped_fence_gate":1,"minecraft:red_banner":22,"minecraft:lapis_block":14,"minecraft:bucket":3,"minecraft:black_candle":1,"minecraft:sea_pickle":61,"minecraft:gray_wool":1,"minecraft:brown_mushroom_block":2,"minecraft:smooth_stone":183,"minecraft:candle":4},"minecraft:killed":{"minecraft:pufferfish":12,"minecraft:chicken":58,"minecraft:cat":61},"minecraft:dropped":{"minecraft:daylight_detector":1,"minecraft:moss_block":4,"minecraft:dark_oak_stairs":1,"minecraft:oak_log":1,"minecraft:warped_fungus":1,"minecraft:golden_pickaxe":1,"minecraft:spore_blossom":2,"minecraft:dark_oak_sapling":17,"minecraft:warped_fungus_on_a_stick":2,"minecraft:dark_oak_slab":1,"minecraft:orange_tulip":64,"minecraft:glow_berries":3,"minecraft:lantern":5,"minecraft:rooted_dirt":1,"minecraft:prismarine_brick_stairs":3,"minecraft:red_wool":5,"minecraft:red_sandstone_wall":2,"minecraft:saddle":1,"minecraft:birch_slab":2,"minecraft:structure_void":1,"minecraft:red_carpet":2,"minecraft:item_frame":79,"minecraft:gold_block":1,"minecraft:spruce_leaves":1,"minecraft:dirt":3,"minecraft:redstone_lamp":1,"minecraft:grass":6,"minecraft:deepslate_gold_ore":1,"minecraft:crimson_trapdoor":1,"minecraft:orange_carpet":1,"minecraft:dark_oak_fence":1,"minecraft:cornflower":64,"minecraft:mutton":1,"minecraft:crimson_roots":2,"minecraft:stripped_dark_oak_wood":5,"minecraft:chain":1,"minecraft:jungle_sapling":6,"minecraft:bone_meal":1,"minecraft:stripped_oak_wood":4,"minecraft:dark_oak_boat":1,"minecraft:dark_oak_planks":8,"minecraft:birch_log":1,"minecraft:black_stained_glass":3,"minecraft:white_wool":2,"minecraft:brown_mushroom_block":1,"minecraft:bone":3,"minecraft:green_wool":8,"minecraft:waxed_cut_copper_slab":3,"minecraft:white_tulip":64,"minecraft:crimson_fungus":1,"minecraft:ancient_debris":1,"minecraft:sugar_cane":64,"minecraft:lever":2,"minecraft:polished_andesite_slab":4,"minecraft:cooked_chicken":2,"minecraft:twisting_vines":1,"minecraft:pink_dye":2,"minecraft:birch_sapling":5,"minecraft:yellow_wool":1,"minecraft:blue_wool":2,"minecraft:pointed_dripstone":1,"minecraft:oak_planks":3,"minecraft:fern":2,"minecraft:light_gray_carpet":2,"minecraft:beehive":2,"minecraft:warped_sign":2,"minecraft:stone_stairs":1,"minecraft:honey_bottle":2,"minecraft:jungle_trapdoor":1,"minecraft:azure_bluet":1,"minecraft:white_bed":1,"minecraft:mushroom_stem":2,"minecraft:chiseled_stone_bricks":6,"minecraft:sandstone_wall":1,"minecraft:poppy":66,"minecraft:birch_trapdoor":1,"minecraft:azalea_leaves":2,"minecraft:oak_wood":1,"minecraft:hopper":2,"minecraft:ladder":2,"minecraft:acacia_sapling":12,"minecraft:yellow_banner":1,"minecraft:spruce_slab":9,"minecraft:iron_bars":2,"minecraft:arrow":1,"minecraft:flowering_azalea_leaves":6,"minecraft:prismarine_wall":1,"minecraft:scaffolding":15,"minecraft:written_book":1,"minecraft:oak_leaves":2,"minecraft:netherrack":1,"minecraft:cartography_table":1,"minecraft:lectern":1,"minecraft:bread":2,"minecraft:birch_leaves":1,"minecraft:stripped_spruce_log":1,"minecraft:oak_slab":9,"minecraft:magenta_carpet":1,"minecraft:vine":4,"minecraft:bookshelf":1,"minecraft:dripstone_block":1,"minecraft:waxed_oxidized_cut_copper_stairs":1,"minecraft:oak_fence":3,"minecraft:barrier":11,"minecraft:book":2,"minecraft:amethyst_block":1,"minecraft:grass_block":8,"minecraft:spruce_door":1,"minecraft:warped_trapdoor":2,"minecraft:command_block":6,"minecraft:pufferfish":12,"minecraft:yellow_carpet":1,"minecraft:mushroom_stew":2,"minecraft:spruce_stairs":4,"minecraft:orange_candle":1,"minecraft:polished_andesite":7,"minecraft:spruce_fence_gate":1,"minecraft:brown_concrete_powder":2,"minecraft:sponge":2,"minecraft:lodestone":1,"minecraft:wooden_axe":8,"minecraft:melon_slice":7,"minecraft:brown_terracotta":1,"minecraft:oak_stairs":2,"minecraft:pumpkin":3,"minecraft:red_dye":3,"minecraft:raw_iron_block":5,"minecraft:music_disc_wait":1,"minecraft:chipped_anvil":1,"minecraft:string":4,"minecraft:paper":1,"minecraft:smooth_sandstone":1,"minecraft:blue_carpet":2,"minecraft:spruce_sapling":5,"minecraft:stone_brick_slab":2,"minecraft:dandelion":64,"minecraft:pink_tulip":64,"minecraft:polished_diorite":6,"minecraft:anvil":1,"minecraft:moss_carpet":4,"minecraft:gray_stained_glass":1,"minecraft:netherite_hoe":6,"minecraft:oak_trapdoor":2,"minecraft:pufferfish_spawn_egg":1,"minecraft:player_head":19,"minecraft:coarse_dirt":1,"minecraft:dark_oak_sign":1,"minecraft:smooth_stone_slab":4,"minecraft:diamond_hoe":1,"minecraft:tall_grass":2,"minecraft:white_carpet":2,"minecraft:light_gray_wool":2,"minecraft:structure_block":3,"minecraft:stone_slab":7,"minecraft:glow_lichen":1,"minecraft:white_terracotta":1,"minecraft:stripped_acacia_wood":1,"minecraft:debug_stick":5,"minecraft:spruce_fence":5,"minecraft:oak_sign":7,"minecraft:acacia_leaves":2,"minecraft:red_terracotta":1,"minecraft:prismarine_stairs":1,"minecraft:light":6,"minecraft:lily_of_the_valley":1,"minecraft:stone":1,"minecraft:big_dripleaf":1,"minecraft:filled_map":2,"minecraft:gray_terracotta":1,"minecraft:potato":105,"minecraft:shroomlight":1,"minecraft:allium":64,"minecraft:spruce_trapdoor":7,"minecraft:bundle":1,"minecraft:spruce_planks":21,"minecraft:dragon_egg":1,"minecraft:andesite":4,"minecraft:blue_banner":1,"minecraft:pink_wool":1,"minecraft:oak_sapling":2,"minecraft:waxed_oxidized_cut_copper":1,"minecraft:birch_sign":1,"minecraft:stone_bricks":8,"minecraft:barrel":2,"minecraft:brown_carpet":1,"minecraft:rabbit_stew":2,"minecraft:bow":1,"minecraft:blue_orchid":67,"minecraft:stripped_spruce_wood":598,"minecraft:dead_brain_coral_block":4,"minecraft:terracotta":1},"minecraft:mined":{"minecraft:chest":1},"minecraft:picked_up":{"minecraft:wooden_axe":3,"minecraft:lead":10,"minecraft:magenta_carpet":2,"minecraft:stone_slab":3,"minecraft:oak_stairs":1,"minecraft:potion":1,"minecraft:light":6,"minecraft:string":70,"minecraft:waxed_cut_copper_slab":2,"minecraft:smooth_stone_slab":1,"minecraft:pufferfish":12,"minecraft:oak_sign":6,"minecraft:spruce_planks":11,"minecraft:white_tulip":64,"minecraft:red_dye":2,"minecraft:enchanted_golden_apple":1,"minecraft:melon_slice":5,"minecraft:blue_wool":1,"minecraft:beehive":1,"minecraft:oak_fence":1,"minecraft:spruce_stairs":2,"minecraft:vine":2,"minecraft:yellow_banner":1,"minecraft:command_block":8,"minecraft:honey_bottle":2,"minecraft:green_wool":4,"minecraft:music_disc_wait":1,"minecraft:iron_bars":1,"minecraft:sponge":1,"minecraft:barrier":10,"minecraft:feather":65,"minecraft:warped_fungus_on_a_stick":1,"minecraft:acacia_leaves":1,"minecraft:potato":200,"minecraft:stripped_spruce_wood":406,"minecraft:warped_trapdoor":1,"minecraft:lantern":4,"minecraft:bone":4,"minecraft:chipped_anvil":1,"minecraft:orange_tulip":64,"minecraft:moss_block":2,"minecraft:gray_candle":1,"minecraft:oak_planks":1,"minecraft:debug_stick":5,"minecraft:glow_lichen":1,"minecraft:sand":2,"minecraft:structure_void":2,"minecraft:stripped_spruce_log":1,"minecraft:brown_mushroom_block":1,"minecraft:grass_block":2,"minecraft:barrel":1,"minecraft:bundle":1,"minecraft:polished_andesite":1,"minecraft:lever":1,"minecraft:dead_brain_coral_block":2,"minecraft:bone_meal":1,"minecraft:grass":1,"minecraft:bread":2,"minecraft:blue_banner":3,"minecraft:dark_oak_fence":1,"minecraft:oak_leaves":1,"minecraft:crimson_roots":2,"minecraft:waxed_oxidized_cut_copper":1,"minecraft:allium":53,"minecraft:chicken":58,"minecraft:rabbit_stew":2,"minecraft:golden_pickaxe":1,"minecraft:structure_block":3,"minecraft:pink_wool":1,"minecraft:chain":1,"minecraft:cornflower":64,"minecraft:oak_trapdoor":1,"minecraft:moss_carpet":2,"minecraft:item_frame":159,"minecraft:white_carpet":1,"minecraft:blue_orchid":64,"minecraft:netherite_sword":1,"minecraft:player_head":12,"minecraft:poppy":64,"minecraft:light_gray_wool":1,"minecraft:spruce_slab":5,"minecraft:lectern":2,"minecraft:sugar_cane":62,"minecraft:chest":1,"minecraft:egg":10,"minecraft:spruce_trapdoor":3,"minecraft:raw_copper_block":1,"minecraft:diamond_hoe":1,"minecraft:flowering_azalea_leaves":1,"minecraft:spruce_fence":2,"minecraft:brown_concrete_powder":1,"minecraft:mushroom_stem":1,"minecraft:dark_oak_planks":3,"minecraft:blue_carpet":1,"minecraft:pumpkin_pie":1,"minecraft:stripped_dark_oak_wood":3,"minecraft:pink_tulip":64,"minecraft:saddle":1,"minecraft:mutton":1,"minecraft:glow_berries":2,"minecraft:white_wool":1,"minecraft:filled_map":4,"minecraft:mushroom_stew":1,"minecraft:smooth_sandstone":1,"minecraft:stone_bricks":4,"minecraft:cooked_chicken":2,"minecraft:stripped_oak_wood":2,"minecraft:polished_andesite_slab":2,"minecraft:dark_oak_stairs":1,"minecraft:oak_slab":3,"minecraft:prismarine_brick_stairs":4,"minecraft:pumpkin":2,"minecraft:chiseled_stone_bricks":3,"minecraft:stone_brick_slab":1,"minecraft:red_wool":2,"minecraft:dandelion":64,"minecraft:raw_iron_block":2,"minecraft:dripstone_block":1,"minecraft:white_bed":1,"minecraft:spider_eye":1,"minecraft:spruce_door":2,"minecraft:dragon_egg":1,"minecraft:polished_diorite":3,"minecraft:painting":1,"minecraft:netherite_hoe":56,"minecraft:pink_dye":1,"minecraft:hopper":3,"minecraft:sunflower":3}},"DataVersion":2865}