{"stats":{"minecraft:used":{"minecraft:blue_stained_glass_pane":6,"minecraft:dark_oak_planks":3,"minecraft:oak_fence":16,"minecraft:moss_block":1,"minecraft:glass":9,"minecraft:light_blue_stained_glass_pane":2,"minecraft:netherite_block":109,"minecraft:crimson_button":1,"minecraft:lever":7,"minecraft:command_block":60,"minecraft:light_gray_concrete":2,"minecraft:gray_stained_glass_pane":9,"minecraft:red_wool":35,"minecraft:dispenser":27,"minecraft:redstone":11,"minecraft:spruce_button":1,"minecraft:stone_button":14,"minecraft:polished_deepslate_wall":11,"minecraft:oak_sign":129,"minecraft:mangrove_button":1,"minecraft:waxed_oxidized_cut_copper":1,"minecraft:spruce_planks":14,"minecraft:stone_slab":1,"minecraft:redstone_block":189,"minecraft:white_dye":2,"minecraft:glow_ink_sac":15,"minecraft:light_gray_wool":6,"minecraft:diamond_block":13,"minecraft:repeater":17,"minecraft:redstone_lamp":3,"minecraft:comparator":4,"minecraft:magenta_wool":150,"minecraft:dark_oak_pressure_plate":2,"minecraft:cyan_stained_glass_pane":9,"minecraft:green_dye":1,"minecraft:black_dye":2,"minecraft:spruce_stairs":1,"minecraft:andesite":2,"minecraft:green_concrete_powder":1,"minecraft:chain_command_block":349,"minecraft:gold_block":18,"minecraft:repeating_command_block":35,"minecraft:gray_concrete":1,"minecraft:warped_button":4,"minecraft:observer":27,"minecraft:snowball":236,"minecraft:oak_trapdoor":1,"minecraft:waxed_oxidized_cut_copper_slab":5},"minecraft:dropped":{"minecraft:lantern":1},"minecraft:custom":{"minecraft:time_since_rest":1708510,"minecraft:sprint_one_cm":1206248,"minecraft:walk_one_cm":482949,"minecraft:drop":1,"minecraft:swim_one_cm":18393,"minecraft:fly_one_cm":27743090,"minecraft:crouch_one_cm":27473,"minecraft:play_time":1708510,"minecraft:sneak_time":40609,"minecraft:walk_under_water_one_cm":17295,"minecraft:jump":13252,"minecraft:leave_game":48,"minecraft:time_since_death":1708510,"minecraft:walk_on_water_one_cm":18402,"minecraft:total_world_time":1708510,"minecraft:climb_one_cm":193,"minecraft:fall_one_cm":27982,"minecraft:inspect_dispenser":2},"minecraft:picked_up":{"minecraft:wooden_axe":1,"minecraft:redstone_block":1,"minecraft:torch":1,"minecraft:lantern":1}},"DataVersion":3120}