{"stats":{"minecraft:killed":{"minecraft:zombified_piglin":1,"minecraft:chicken":1,"minecraft:elder_guardian":5,"minecraft:goat":2,"minecraft:wither_skeleton":13},"minecraft:used":{"minecraft:moss_block":451,"minecraft:light_blue_banner":7,"minecraft:nether_brick_fence":60,"minecraft:moss_carpet":382,"minecraft:blue_terracotta":71,"minecraft:purple_candle":4,"minecraft:polished_deepslate":11,"minecraft:elytra":1,"minecraft:spruce_slab":2102,"minecraft:polished_blackstone":10,"minecraft:bone_block":3,"minecraft:ladder":8,"minecraft:oak_sign":21,"minecraft:green_banner":34,"minecraft:chest":9,"minecraft:white_terracotta":46,"minecraft:stone":2370,"minecraft:stripped_jungle_wood":3,"minecraft:red_nether_brick_stairs":13,"minecraft:grass":839,"minecraft:player_head":146,"minecraft:mossy_stone_brick_slab":51,"minecraft:waxed_weathered_cut_copper_stairs":11,"minecraft:spruce_leaves":52,"minecraft:debug_stick":91,"minecraft:soul_sand":1,"minecraft:blue_stained_glass":66,"minecraft:jungle_planks":14,"minecraft:nether_bricks":46,"minecraft:prismarine_brick_stairs":5,"minecraft:jungle_slab":1,"minecraft:orange_wool":499,"minecraft:yellow_candle":14,"minecraft:acacia_button":1,"minecraft:beehive":135,"minecraft:cyan_wool":2320,"minecraft:azure_bluet":18,"minecraft:stripped_spruce_log":116,"minecraft:big_dripleaf":106,"minecraft:honey_block":4,"minecraft:cyan_terracotta":148,"minecraft:lava_bucket":1,"minecraft:stripped_dark_oak_wood":1735,"minecraft:coal_ore":1,"minecraft:quartz_pillar":1,"minecraft:red_wool":766,"minecraft:lantern":40,"minecraft:grass_block":728,"minecraft:polished_andesite_stairs":191,"minecraft:green_wool":276,"minecraft:wet_sponge":1,"minecraft:dark_oak_wood":14,"minecraft:netherite_hoe":22,"minecraft:dark_oak_leaves":6,"minecraft:dark_oak_slab":1184,"minecraft:gray_concrete_powder":242,"minecraft:waxed_weathered_cut_copper":1,"minecraft:diorite_wall":2,"minecraft:pink_wool":39,"minecraft:stone_brick_stairs":44,"minecraft:stone_bricks":6582,"minecraft:blue_banner":25,"minecraft:birch_trapdoor":57,"minecraft:repeater":910,"minecraft:red_carpet":41,"minecraft:redstone_lamp":545,"minecraft:red_nether_brick_wall":26,"minecraft:brown_carpet":46,"minecraft:hay_block":2,"minecraft:written_book":4,"minecraft:scaffolding":42,"minecraft:yellow_glazed_terracotta":43,"minecraft:oxidized_cut_copper_stairs":15,"minecraft:gold_block":2043,"minecraft:skeleton_skull":3,"minecraft:seagrass":120,"minecraft:dark_prismarine_stairs":1,"minecraft:stripped_spruce_wood":1423,"minecraft:light_blue_carpet":1,"minecraft:dark_oak_stairs":114,"minecraft:mossy_stone_bricks":130,"minecraft:waxed_oxidized_cut_copper_slab":2183,"minecraft:diorite":6,"minecraft:wither_skeleton_skull":1,"minecraft:cut_copper_slab":1,"minecraft:elder_guardian_spawn_egg":5,"minecraft:infested_stone":1,"minecraft:gray_carpet":63,"minecraft:acacia_trapdoor":10,"minecraft:dark_oak_sign":46,"minecraft:oak_planks":100,"minecraft:orange_tulip":26,"minecraft:redstone_block":127,"minecraft:composter":22,"minecraft:clay":35,"minecraft:oak_leaves":254,"minecraft:white_wool":59,"minecraft:glow_berries":6,"minecraft:dark_oak_trapdoor":297,"minecraft:sand":104,"minecraft:yellow_terracotta":34,"minecraft:infested_chiseled_stone_bricks":8,"minecraft:loom":2,"minecraft:waxed_weathered_cut_copper_slab":2,"minecraft:light_blue_wool":14,"minecraft:light_gray_terracotta":4,"minecraft:yellow_concrete":1,"minecraft:sponge":758,"minecraft:oxidized_cut_copper_slab":1194,"minecraft:purple_terracotta":5,"minecraft:note_block":28,"minecraft:stone_brick_wall":150,"minecraft:lingering_potion":35,"minecraft:black_concrete_powder":314,"minecraft:cobbled_deepslate_stairs":3,"minecraft:crimson_fence_gate":4,"minecraft:lightning_rod":22,"minecraft:birch_fence":21,"minecraft:redstone_torch":108,"minecraft:black_terracotta":4,"minecraft:green_concrete":3,"minecraft:firework_rocket":277,"minecraft:daylight_detector":45,"minecraft:dark_oak_log":3,"minecraft:brown_wool":396,"minecraft:string":82,"minecraft:brown_stained_glass":21,"minecraft:barrier":161,"minecraft:stone_button":54,"minecraft:cyan_carpet":54,"minecraft:spore_blossom":1,"minecraft:white_glazed_terracotta":1,"minecraft:red_terracotta":273,"minecraft:polished_granite":19,"minecraft:prismarine_wall":1,"minecraft:flowering_azalea_leaves":15,"minecraft:polished_andesite_slab":975,"minecraft:soul_lantern":7,"minecraft:jungle_sign":1,"minecraft:blue_candle":12,"minecraft:coal_block":21,"minecraft:grindstone":9,"minecraft:dark_oak_fence":204,"minecraft:white_stained_glass":1,"minecraft:waxed_oxidized_cut_copper_stairs":117,"minecraft:green_concrete_powder":11,"minecraft:andesite":3365,"minecraft:chain":30,"minecraft:smooth_stone_slab":481,"minecraft:waxed_cut_copper_stairs":17,"minecraft:coarse_dirt":59,"minecraft:bone_meal":10,"minecraft:cobweb":82,"minecraft:gray_stained_glass":397,"minecraft:oak_fence":62,"minecraft:oak_trapdoor":40,"minecraft:petrified_oak_slab":51,"minecraft:netherite_sword":5,"minecraft:iron_bars":150,"minecraft:waxed_weathered_copper":17,"minecraft:flint_and_steel":15,"minecraft:dead_bush":25,"minecraft:armor_stand":2,"minecraft:redstone":3149,"minecraft:light_gray_carpet":315,"minecraft:light_blue_terracotta":26,"minecraft:spruce_planks":4321,"minecraft:tinted_glass":7,"minecraft:wither_skeleton_spawn_egg":86,"minecraft:polished_blackstone_wall":1,"minecraft:netherrack":108,"minecraft:green_glazed_terracotta":4,"minecraft:anvil":68,"minecraft:dirt":169,"minecraft:spyglass":46,"minecraft:red_nether_brick_slab":181,"minecraft:spruce_stairs":1215,"minecraft:cobblestone_wall":7,"minecraft:stone_stairs":1138,"minecraft:oak_wood":427,"minecraft:yellow_carpet":6,"minecraft:raw_iron_block":116,"minecraft:pink_carpet":9,"minecraft:jungle_trapdoor":4,"minecraft:granite":9,"minecraft:spruce_fence":1988,"minecraft:oak_fence_gate":4,"minecraft:polished_diorite":133,"minecraft:fern":8,"minecraft:small_dripleaf":76,"minecraft:andesite_wall":1189,"minecraft:shroomlight":10,"minecraft:stone_brick_slab":615,"minecraft:brown_terracotta":63,"minecraft:dark_oak_planks":293,"minecraft:sea_lantern":183,"minecraft:bookshelf":1,"minecraft:waxed_cut_copper":1525,"minecraft:yellow_stained_glass":40,"minecraft:iron_block":26,"minecraft:light_weighted_pressure_plate":4,"minecraft:oak_stairs":81,"minecraft:rooted_dirt":19,"minecraft:spruce_button":2,"minecraft:smooth_sandstone":3380,"minecraft:polished_deepslate_wall":1,"minecraft:crimson_slab":46,"minecraft:chicken_spawn_egg":40,"minecraft:red_candle":35,"minecraft:smooth_quartz":4,"minecraft:crimson_planks":528,"minecraft:barrel":403,"minecraft:waxed_exposed_cut_copper_slab":1,"minecraft:bamboo":79,"minecraft:light_gray_wool":880,"minecraft:tripwire_hook":1,"minecraft:glowstone":20,"minecraft:waxed_cut_copper_slab":4166,"minecraft:black_stained_glass":216,"minecraft:tall_grass":21,"minecraft:acacia_wood":388,"minecraft:orange_terracotta":10,"minecraft:pointed_dripstone":28,"minecraft:calcite":565,"minecraft:water_bucket":181,"minecraft:yellow_banner":67,"minecraft:nether_brick_wall":11,"minecraft:cobblestone_stairs":3,"minecraft:lodestone":23,"minecraft:prismarine_brick_slab":1,"minecraft:lead":9,"minecraft:cyan_candle":21,"minecraft:polished_andesite":3204,"minecraft:andesite_slab":373,"minecraft:blue_wool":150,"minecraft:waxed_oxidized_cut_copper":663,"minecraft:smooth_sandstone_slab":24,"minecraft:spruce_sign":165,"minecraft:beacon":13,"minecraft:cobblestone_slab":6,"minecraft:spruce_fence_gate":252,"minecraft:gold_ore":1,"minecraft:cracked_stone_bricks":80,"minecraft:jungle_wood":19,"minecraft:polished_deepslate_slab":1,"minecraft:mossy_cobblestone":25,"minecraft:diamond_block":2718,"minecraft:orange_carpet":19,"minecraft:lime_terracotta":66,"minecraft:stripped_dark_oak_log":21,"minecraft:vine":47,"minecraft:dark_prismarine_slab":157,"minecraft:oak_slab":127,"minecraft:crimson_trapdoor":31,"minecraft:birch_sign":4,"minecraft:campfire":211,"minecraft:light_gray_concrete_powder":4,"minecraft:dark_oak_fence_gate":1,"minecraft:brown_glazed_terracotta":6,"minecraft:magenta_carpet":5,"minecraft:infested_stone_bricks":72,"minecraft:nether_gold_ore":23,"minecraft:oak_log":726,"minecraft:light_blue_candle":8,"minecraft:amethyst_cluster":5,"minecraft:gray_terracotta":24,"minecraft:netherite_block":63,"minecraft:wooden_hoe":22,"minecraft:flower_pot":39,"minecraft:light":84,"minecraft:cornflower":13,"minecraft:black_wool":37,"minecraft:oxeye_daisy":31,"minecraft:warped_trapdoor":7,"minecraft:acacia_sign":1,"minecraft:stripped_jungle_log":7,"minecraft:command_block":10,"minecraft:oak_button":12,"minecraft:gray_candle":1,"minecraft:map":2,"minecraft:cyan_concrete":3,"minecraft:stone_slab":4351,"minecraft:spruce_trapdoor":641,"minecraft:yellow_wool":183,"minecraft:blue_carpet":42,"minecraft:green_carpet":57,"minecraft:chiseled_stone_bricks":2631,"minecraft:cobblestone":68,"minecraft:azalea_leaves":321,"minecraft:white_banner":6,"minecraft:sandstone_slab":3,"minecraft:red_banner":37,"minecraft:andesite_stairs":361,"minecraft:lapis_block":51,"minecraft:repeating_command_block":19,"minecraft:sea_pickle":30,"minecraft:stripped_oak_log":23,"minecraft:goat_spawn_egg":1,"minecraft:dandelion":14,"minecraft:purple_carpet":9,"minecraft:gray_wool":13,"minecraft:splash_potion":310,"minecraft:brown_mushroom_block":4,"minecraft:smooth_stone":1296},"minecraft:crafted":{"minecraft:amethyst_block":1},"minecraft:custom":{"minecraft:interact_with_crafting_table":2,"minecraft:open_barrel":63,"minecraft:bell_ring":16,"minecraft:leave_game":169,"minecraft:time_since_death":6176808,"minecraft:sprint_one_cm":1973768,"minecraft:drop":285,"minecraft:play_time":6400268,"minecraft:deaths":1,"minecraft:jump":27300,"minecraft:walk_on_water_one_cm":600006,"minecraft:interact_with_loom":1,"minecraft:damage_dealt":7040,"minecraft:interact_with_beacon":2,"minecraft:crouch_one_cm":314080,"minecraft:interact_with_anvil":7,"minecraft:mob_kills":22,"minecraft:interact_with_campfire":13,"minecraft:climb_one_cm":5777,"minecraft:walk_one_cm":1646389,"minecraft:sneak_time":363446,"minecraft:walk_under_water_one_cm":422998,"minecraft:boat_one_cm":13514,"minecraft:total_world_time":6400268,"minecraft:tune_noteblock":290,"minecraft:pot_flower":4,"minecraft:interact_with_grindstone":1,"minecraft:time_since_rest":6176828,"minecraft:damage_taken":30,"minecraft:swim_one_cm":38466,"minecraft:fly_one_cm":121248456,"minecraft:open_chest":2,"minecraft:aviate_one_cm":4970843,"minecraft:fall_one_cm":6460},"minecraft:dropped":{"minecraft:ender_pearl":16,"minecraft:cyan_terracotta":1,"minecraft:amethyst_shard":52,"minecraft:bone":2,"minecraft:gold_ingot":49,"minecraft:netherite_sword":6,"minecraft:sea_lantern":5,"minecraft:written_book":1,"minecraft:feather":1,"minecraft:granite":1,"minecraft:command_block":1,"minecraft:grass_block":1,"minecraft:coal":21,"minecraft:polished_andesite":81,"minecraft:wooden_axe":1,"minecraft:redstone_block":1,"minecraft:blue_terracotta":1,"minecraft:netherite_hoe":3,"minecraft:player_head":97,"minecraft:blaze_rod":1,"minecraft:beacon":1,"minecraft:stripped_spruce_wood":1},"minecraft:picked_up":{"minecraft:wooden_axe":1,"minecraft:redstone_block":2,"minecraft:prismarine_shard":4,"minecraft:stone_slab":2,"minecraft:lead":37,"minecraft:birch_button":1,"minecraft:light":64,"minecraft:lapis_block":1,"minecraft:spruce_planks":2,"minecraft:written_book":3,"minecraft:calcite":1,"minecraft:blue_wool":1,"minecraft:beehive":1,"minecraft:spruce_stairs":1,"minecraft:pointed_dripstone":4,"minecraft:yellow_banner":1,"minecraft:green_banner":1,"minecraft:andesite_wall":2,"minecraft:stone_sword":2,"minecraft:rotten_flesh":1,"minecraft:command_block":1,"minecraft:green_wool":1,"minecraft:blaze_rod":1,"minecraft:stripped_birch_wood":1,"minecraft:cod":3,"minecraft:barrier":3,"minecraft:feather":45,"minecraft:andesite":1,"minecraft:beacon":1,"minecraft:lantern":1,"minecraft:bone":14,"minecraft:debug_stick":1,"minecraft:structure_void":1,"minecraft:stripped_spruce_log":2,"minecraft:grass_block":1,"minecraft:red_terracotta":1,"minecraft:dark_prismarine_slab":1,"minecraft:polished_andesite":81,"minecraft:blue_terracotta":3,"minecraft:writable_book":1,"minecraft:oak_leaves":1,"minecraft:waxed_oxidized_cut_copper":1,"minecraft:chicken":37,"minecraft:structure_block":1,"minecraft:acacia_button":1,"minecraft:item_frame":1,"minecraft:birch_fence":65,"minecraft:netherite_sword":5,"minecraft:player_head":87,"minecraft:light_gray_wool":1,"minecraft:stone_button":1,"minecraft:prismarine_crystals":1,"minecraft:dark_oak_planks":2,"minecraft:stripped_dark_oak_wood":1,"minecraft:gold_ingot":21,"minecraft:wet_sponge":4,"minecraft:birch_planks":1,"minecraft:waxed_copper_block":1,"minecraft:stone_bricks":2,"minecraft:oak_slab":1,"minecraft:dark_oak_slab":1,"minecraft:amethyst_shard":20,"minecraft:green_carpet":1,"minecraft:sea_lantern":4,"minecraft:honey_block":1,"minecraft:waxed_oxidized_cut_copper_slab":1,"minecraft:netherite_hoe":4,"minecraft:coal":9,"minecraft:ender_pearl":9}},"DataVersion":3120}